last_changed,aqi_sciosense,eco2,humidity,sound,temperature,tvoc,fteg,radar_sensor,occupancy
2024-12-13T17:42:39,180,1270,31.36,493.79125,24.62,1494,180.42,1,1
2024-12-13T17:42:40,179,1267,31.36,568.8138462,24.62,1485,181.36,1,1
2024-12-13T17:42:41,179,1267,31.34,554.6325,24.62,1485,182.36,1,1
2024-12-13T17:42:42,182,1274,31.34,584.9208333,24.62,1506,180.36,1,1
2024-12-13T17:42:43,182,1274,31.34,651.6716667,24.62,1506,176.12,1,1
2024-12-13T17:42:44,178,1264,31.38,653.4378571,24.62,1475,175.06,1,1
2024-12-13T17:42:45,178,1264,31.38,725.8514286,24.62,1475,168.69,1,1
2024-12-13T17:42:46,181,1271,31.36,548.8636364,24.62,1497,162.2,1,1
2024-12-13T17:42:47,181,1271,31.4,606.4454545,24.62,1497,162.2,1,1
2024-12-13T17:42:48,181,1271,31.4,487.04375,24.62,1497,150.75,1,1
2024-12-13T17:42:49,175,1258,31.4,579.334,24.62,1457,150.75,0,1
2024-12-13T17:42:50,175,1258,31.4,510.7141667,24.62,1457,132.9,1,1
2024-12-13T17:42:51,181,1271,31.4,543.311,24.62,1497,132.9,1,1
2024-12-13T17:42:52,181,1271,31.38,743.3075,24.62,1497,123.26,1,1
2024-12-13T17:42:53,177,1261,31.38,557.29,24.62,1466,114.08,1,1
2024-12-13T17:42:54,177,1261,31.4,507.5122222,24.64,1466,106.41,1,1
2024-12-13T17:42:55,172,1249,31.4,590.0372727,24.64,1429,99.79,1,1
2024-12-13T17:42:56,172,1249,31.4,546.1044444,24.62,1429,95.17,1,1
2024-12-13T17:42:57,174,1250,31.4,580.8477778,24.62,1433,93.36,1,1
2024-12-13T17:42:58,174,1250,31.42,470.5490909,24.62,1433,89.12,1,1
2024-12-13T17:42:59,171,1242,31.42,645.011,24.62,1408,86.5,1,1
2024-12-13T17:43:00,171,1242,31.42,641.86875,24.62,1408,86.75,0,1
2024-12-13T17:43:01,171,1242,31.42,600.6344444,24.61,1408,88.25,2,2
2024-12-13T17:43:02,173,1245,31.42,597.8577778,24.61,1417,83.19,2,2
2024-12-13T17:43:03,173,1245,31.42,757.349,24.61,1417,74.08,2,2
2024-12-13T17:43:04,169,1234,31.42,500.44,24.61,1383,74.08,2,2
2024-12-13T17:43:05,169,1234,31.4,631.4485714,24.61,1383,78.01,2,2
2024-12-13T17:43:06,171,1238,31.4,596.1577778,24.61,1396,97.98,2,2
2024-12-13T17:43:07,171,1238,31.4,605.45,24.62,1396,110.65,0,2
2024-12-13T17:43:08,170,1235,31.4,487.707,24.62,1386,111.34,2,2
2024-12-13T17:43:09,170,1235,31.38,596.54,24.62,1386,109.15,2,2
2024-12-13T17:43:10,175,1248,31.38,553.869,24.62,1426,105.41,0,2
2024-12-13T17:43:11,175,1248,31.34,670.7057143,24.61,1426,99.48,2,2
2024-12-13T17:43:12,177,1255,31.34,635.1430769,24.61,1448,101.23,2,2
2024-12-13T17:43:13,177,1255,31.24,689.3688889,24.61,1448,99.92,2,2
2024-12-13T17:43:14,179,1261,31.24,450.0725,24.61,1466,95.74,2,2
2024-12-13T17:43:15,179,1261,31.24,768.63,24.61,1466,88.37,2,2
2024-12-13T17:43:16,179,1261,31.28,597.86,24.62,1466,79.51,2,2
2024-12-13T17:43:17,176,1257,31.26,632.2292308,24.62,1454,69.77,2,2
2024-12-13T17:43:18,176,1257,31.26,553.1642857,24.62,1454,73.89,2,2
2024-12-13T17:43:19,173,1251,31.26,590.6055556,24.62,1436,72.21,2,2
2024-12-13T17:43:20,173,1251,31.21,666.7141667,24.61,1436,72.21,2,2
2024-12-13T17:43:21,174,1253,31.21,558.0575,24.61,1442,68.15,2,2
2024-12-13T17:43:22,174,1253,31.26,701.584,24.62,1442,63.34,2,2
2024-12-13T17:43:23,177,1260,31.26,718.7707143,24.62,1463,57.98,2,2
2024-12-13T17:43:24,177,1260,31.27,494.7077778,24.59,1463,53.98,2,2
2024-12-13T17:43:25,178,1263,31.27,627.18,24.59,1472,50.3,2,2
2024-12-13T17:43:26,178,1263,31.24,630.988,24.61,1472,42.94,2,2
2024-12-13T17:43:27,176,1258,31.24,491.655,24.61,1457,33.51,2,2
2024-12-13T17:43:28,176,1258,31.24,402.932,24.61,1457,31.64,2,2
2024-12-13T17:43:29,177,1263,31.21,687.1983333,24.61,1472,37.51,0,2
2024-12-13T17:43:30,177,1263,31.29,697.712,24.59,1472,40.32,2,2
2024-12-13T17:43:31,177,1263,31.29,562.7925,24.59,1472,45.93,2,2
2024-12-13T17:43:32,177,1263,31.29,700.9211111,24.59,1472,47.87,2,2
2024-12-13T17:43:33,177,1263,31.29,567.6918182,24.59,1472,47.87,2,2
2024-12-13T17:43:34,173,1253,31.29,614.1325,24.59,1442,49.3,2,2
2024-12-13T17:43:35,173,1253,31.26,690.4225,24.61,1442,49.3,2,2
2024-12-13T17:43:36,173,1251,31.26,380.932,24.61,1436,53.48,2,2
2024-12-13T17:43:37,173,1251,31.27,772.8945455,24.58,1436,59.97,2,2
2024-12-13T17:43:38,176,1258,31.27,491.3058333,24.58,1457,66.28,2,2
2024-12-13T17:43:39,176,1258,31.29,688.769,24.61,1457,77.89,2,2
2024-12-13T17:43:40,177,1263,31.29,552.5885714,24.61,1472,86.25,2,2
2024-12-13T17:43:41,177,1263,31.29,611.2146154,24.59,1472,101.48,0,2
2024-12-13T17:43:42,178,1267,31.29,728.0385714,24.59,1485,117.02,2,2
2024-12-13T17:43:43,178,1267,31.29,603.48875,24.59,1485,132.81,2,2
2024-12-13T17:43:44,179,1270,31.32,603.7064286,24.61,1494,148.84,2,2
2024-12-13T17:43:45,179,1270,31.29,374.564,24.59,1494,163.45,2,2
2024-12-13T17:43:46,179,1270,31.29,672.6628571,24.59,1494,167.19,2,2
2024-12-13T17:43:47,174,1259,31.29,577.883,24.59,1460,172.69,2,2
2024-12-13T17:43:48,175,1260,31.29,701.4672727,24.61,1463,189.16,2,2
2024-12-13T17:43:49,175,1260,31.29,530.416,24.61,1463,186.17,0,2
2024-12-13T17:43:50,175,1260,31.32,587.151,24.61,1463,186.17,2,2
2024-12-13T17:43:51,173,1254,31.32,672.49,24.61,1445,193.715,2,2
2024-12-13T17:43:52,173,1254,31.35,518.6081818,24.59,1445,191.97,2,2
2024-12-13T17:43:53,171,1246,31.35,486.0244444,24.59,1420,191.97,2,2
2024-12-13T17:43:54,171,1246,31.32,682.4172727,24.61,1420,185.48,2,2
2024-12-13T17:43:55,174,1252,31.32,523.2722222,24.61,1439,179.49,2,2
2024-12-13T17:43:56,174,1252,31.35,768.871,24.59,1439,177.49,2,2
2024-12-13T17:43:57,172,1248,31.35,541.9036364,24.59,1426,168.5,2,2
2024-12-13T17:43:58,172,1248,31.35,776.366,24.59,1426,154.96,2,2
2024-12-13T17:43:59,172,1248,31.35,520.6581818,24.58,1426,150.09,2,2
2024-12-13T17:44:00,172,1248,31.35,520.6581818,24.58,1426,133.8,2,2
2024-12-13T17:44:01,167,1233,31.33,701.022381,24.58,1380,129.5,0,2
2024-12-13T17:44:02,167,1232,31.33,452.9844444,24.58,1377,134.3,2,2
2024-12-13T17:44:03,167,1232,31.37,414.213,24.58,1377,143.54,2,2
2024-12-13T17:44:04,172,1241,31.37,432.8936364,24.58,1405,156.9,2,2
2024-12-13T17:44:05,172,1241,31.38,682.4918182,24.59,1405,168.19,2,2
2024-12-13T17:44:06,175,1249,31.38,660.9833333,24.59,1429,173.06,2,2
2024-12-13T17:44:07,175,1249,31.38,505.756,24.59,1429,180.24,2,2
2024-12-13T17:44:08,173,1247,31.38,725.57625,24.59,1423,180.24,2,2
2024-12-13T17:44:09,173,1247,31.36,585.2736364,24.61,1423,184.36,0,2
2024-12-13T17:44:10,177,1256,31.36,713.1871429,24.61,1451,180.24,2,2
2024-12-13T17:44:11,177,1256,31.36,577.6,24.61,1451,184.04,2,2
2024-12-13T17:44:12,174,1252,31.36,525.018,24.61,1439,184.73,0,2
2024-12-13T17:44:13,174,1252,31.38,767.0327273,24.59,1439,188.85,3,2
2024-12-13T17:44:14,177,1259,31.38,625.671,24.59,1460,198.15,3,2
2024-12-13T17:44:15,177,1259,31.38,679.1375,24.59,1460,191.03,3,2
2024-12-13T17:44:16,179,1265,31.33,632.16,24.59,1479,185.04,3,2
2024-12-13T17:44:17,179,1265,31.33,356.9944444,24.59,1479,183.42,3,2
2024-12-13T17:44:18,179,1265,31.37,694.2044444,24.58,1479,180.11,3,2
2024-12-13T17:44:19,173,1253,31.37,499.6327273,24.58,1442,173.37,3,2
2024-12-13T17:44:20,173,1253,31.38,529.209,24.59,1442,174.25,3,2
2024-12-13T17:44:21,170,1243,31.38,487.5455556,24.59,1411,168.69,3,2
2024-12-13T17:44:22,170,1243,31.4,375.694,24.61,1411,168.69,3,2
2024-12-13T17:44:23,173,1248,31.4,582.9318182,24.61,1426,167.69,3,2
2024-12-13T17:44:24,173,1248,31.38,677.125,24.59,1426,167.57,3,2
2024-12-13T17:44:25,172,1247,31.38,584.6516667,24.59,1423,161.89,3,2
2024-12-13T17:44:26,172,1247,31.37,769.395,24.58,1423,154.71,3,2
2024-12-13T17:44:27,174,1252,31.37,476.345,24.58,1439,148.84,0,2
2024-12-13T17:44:28,174,1252,31.37,767.68375,24.58,1439,145.72,3,2
2024-12-13T17:44:29,173,1251,31.38,577.6784615,24.59,1436,137.36,3,2
2024-12-13T17:44:30,173,1251,31.38,510.754,24.59,1436,133.8,3,2
2024-12-13T17:44:31,173,1251,31.35,538.585,24.58,1436,129.56,3,2
2024-12-13T17:44:32,170,1243,31.35,586.8127273,24.58,1411,126.63,3,2
2024-12-13T17:44:33,170,1243,31.4,763.875,24.61,1411,124.32,3,2
2024-12-13T17:44:34,171,1243,31.4,527.678,24.61,1411,123.44,3,2
2024-12-13T17:44:35,171,1243,31.38,642.273,24.59,1411,129,3,2
2024-12-13T17:44:36,172,1246,31.38,550.10125,24.59,1420,129,3,2
2024-12-13T17:44:37,172,1246,31.39,715.3854545,24.58,1420,130.28,3,2
2024-12-13T17:44:38,176,1256,31.39,589.727,24.58,1451,124.32,0,2
2024-12-13T17:44:39,176,1256,31.39,602.623,24.58,1451,124.32,3,2
2024-12-13T17:44:40,168,1238,31.39,491.9775,24.58,1396,121.63,3,2
2024-12-13T17:44:41,168,1238,31.41,550.887,24.59,1396,119.89,0,2
2024-12-13T17:44:42,170,1240,31.41,823.3216667,24.59,1402,110.09,3,2
2024-12-13T17:44:43,170,1240,31.39,546.5181818,24.58,1402,108.09,3,2
2024-12-13T17:44:44,172,1244,31.39,662.2841667,24.58,1414,116.27,3,2
2024-12-13T17:44:45,172,1244,31.39,604.89875,24.58,1414,118.51,3,2
2024-12-13T17:44:46,172,1244,31.39,546.675,24.59,1414,126.25,3,2
2024-12-13T17:44:47,169,1237,31.39,608.6454545,24.59,1393,134.55,3,2
2024-12-13T17:44:48,169,1237,31.37,433.2071429,24.58,1393,145.1,3,2
2024-12-13T17:44:49,173,1246,31.37,527.9836364,24.58,1420,144.73,0,2
2024-12-13T17:44:50,173,1246,31.43,658.9745455,24.56,1420,154.65,3,2
2024-12-13T17:44:51,179,1265,31.43,703.033,24.56,1479,151.9,3,2
2024-12-13T17:44:52,179,1265,31.43,509.71,24.56,1479,151.9,3,2
2024-12-13T17:44:53,176,1260,31.41,608.726875,24.58,1463,152.28,3,2
2024-12-13T17:44:54,176,1260,31.37,368.74,24.56,1463,150.87,3,3
2024-12-13T17:44:55,178,1266,31.37,789.502,24.56,1482,150.87,3,3
2024-12-13T17:44:56,178,1266,31.41,527.677,24.58,1482,146.79,0,3
2024-12-13T17:44:57,172,1253,31.41,613.9983333,24.58,1442,149.72,4,3
2024-12-13T17:44:58,172,1253,31.41,395.275,24.58,1442,146.54,4,3
2024-12-13T17:44:59,172,1253,31.41,571.597,24.58,1442,148.22,4,3
2024-12-13T17:45:00,173,1253,31.41,597.546,24.58,1442,140.73,4,3
2024-12-13T17:45:01,173,1253,31.39,781.765,24.58,1442,131.25,4,3
2024-12-13T17:45:02,175,1257,31.39,472.073,24.58,1454,119.2,4,3
2024-12-13T17:45:03,175,1257,31.31,736.637,24.58,1454,109.09,0,3
2024-12-13T17:45:04,174,1255,31.31,516.315,24.58,1448,95.86,4,3
2024-12-13T17:45:05,174,1255,31.29,646.0072727,24.59,1448,91.55,4,3
2024-12-13T17:45:06,168,1242,31.29,429.927,24.59,1408,89.81,0,3
2024-12-13T17:45:07,168,1242,31.25,563.4316667,24.59,1408,89.81,4,3
2024-12-13T17:45:08,163,1226,31.25,627.3315385,24.59,1359,93.645,4,3
2024-12-13T17:45:09,163,1226,31.25,600.7336364,24.59,1359,89.31,0,3
2024-12-13T17:45:10,164,1223,31.25,625.589,24.59,1350,89.31,4,3
2024-12-13T17:45:11,164,1223,31.21,621.0885714,24.58,1350,88.68,4,3
2024-12-13T17:45:12,170,1236,31.21,604.1933333,24.58,1390,94.3,4,3
2024-12-13T17:45:13,170,1236,31.21,817.948,24.58,1390,97.3,4,3
2024-12-13T17:45:14,167,1230,31.25,606.4678571,24.58,1371,98.17,4,3
2024-12-13T17:45:15,167,1230,31.25,564.1042857,24.58,1371,103.72,4,3
2024-12-13T17:45:16,168,1232,31.25,595.4164286,24.58,1377,110.59,4,3
2024-12-13T17:45:17,168,1232,31.25,626.5,24.58,1377,110.78,4,3
2024-12-13T17:45:18,168,1232,31.25,676.1841667,24.55,1377,107.53,4,3
2024-12-13T17:45:19,172,1244,31.25,418.5871429,24.55,1414,103.54,4,3
2024-12-13T17:45:20,172,1244,31.27,756.5563636,24.58,1414,99.85,4,3
2024-12-13T17:45:21,170,1240,31.27,542.0755556,24.58,1402,99.11,3,3
2024-12-13T17:45:22,170,1240,31.32,702.066,24.61,1402,96.48,3,3
2024-12-13T17:45:23,166,1230,31.32,565.3490909,24.61,1371,90.06,3,3
2024-12-13T17:45:24,166,1230,31.31,645.0466667,24.58,1371,90.06,4,3
2024-12-13T17:45:25,166,1228,31.31,492.07875,24.58,1365,85.06,4,3
2024-12-13T17:45:26,166,1228,31.29,617.2208333,24.58,1365,80.38,4,3
2024-12-13T17:45:27,168,1233,31.29,727.39,24.58,1380,74.39,4,3
2024-12-13T17:45:28,168,1233,31.25,545.4218182,24.58,1380,70.65,0,3
2024-12-13T17:45:29,168,1233,31.25,589.89,24.58,1380,67.09,3,3
2024-12-13T17:45:30,170,1238,31.25,555.9091667,24.58,1396,61.6,3,3
2024-12-13T17:45:31,170,1238,31.31,771.449,24.55,1396,58.85,3,3
2024-12-13T17:45:32,170,1238,31.31,446.74875,24.55,1396,57.42,3,3
2024-12-13T17:45:33,170,1238,31.29,410.0584615,24.58,1396,55.36,3,3
2024-12-13T17:45:34,168,1236,31.29,650.088,24.58,1390,55.67,3,3
2024-12-13T17:45:35,168,1236,31.29,516.555,24.58,1390,55.67,3,3
2024-12-13T17:45:36,167,1232,31.29,730.1091667,24.58,1377,54.86,3,3
2024-12-13T17:45:37,167,1232,31.33,611.0157143,24.56,1377,52.77,3,3
2024-12-13T17:45:38,169,1237,31.33,725.032,24.56,1393,49.43,3,3
2024-12-13T17:45:39,169,1237,31.33,592.1288889,24.58,1393,45.31,3,3
2024-12-13T17:45:40,168,1234,31.33,735.348,24.58,1383,45.31,3,3
2024-12-13T17:45:41,168,1234,31.33,706.53875,24.58,1383,44.75,0,3
2024-12-13T17:45:42,164,1224,31.33,477.553,24.58,1353,41.06,4,3
2024-12-13T17:45:43,164,1224,31.31,443.1558333,24.56,1353,37.26,4,3
2024-12-13T17:45:44,164,1224,31.31,668.0577778,24.56,1353,39.88,4,3
2024-12-13T17:45:45,164,1221,31.31,498.023,24.56,1344,41.25,0,3
2024-12-13T17:45:46,164,1221,31.29,704.402,24.58,1344,42.13,4,3
2024-12-13T17:45:47,169,1232,31.29,570.227,24.58,1377,42.31,4,3
2024-12-13T17:45:48,169,1232,31.33,761.135,24.55,1377,43.25,4,3
2024-12-13T17:45:49,169,1232,31.33,585.779,24.55,1377,48.68,4,3
2024-12-13T17:45:50,169,1232,31.33,664.7753846,24.56,1377,52.86,4,3
2024-12-13T17:45:51,160,1211,31.33,556.9642857,24.56,1313,51.86,0,4
2024-12-13T17:45:52,160,1211,31.35,592.375,24.58,1313,57.23,4,4
2024-12-13T17:45:53,161,1211,31.35,595.12875,24.58,1313,55.04,4,4
2024-12-13T17:45:54,161,1211,31.33,623.81,24.59,1313,53.11,0,4
2024-12-13T17:45:55,162,1211,31.33,503.18,24.59,1313,52.11,4,4
2024-12-13T17:45:56,162,1211,31.33,718.2911111,24.58,1313,52.11,4,4
2024-12-13T17:45:57,164,1213,31.33,516.234,24.58,1319,53.67,4,4
2024-12-13T17:45:58,164,1213,31.33,765.7872727,24.58,1319,57.1,0,4
2024-12-13T17:45:59,164,1216,31.33,382.2690909,24.56,1328,63.16,4,4
2024-12-13T17:46:00,164,1216,31.33,657.7166667,24.56,1328,74.45,4,4
2024-12-13T17:46:01,164,1216,31.35,663.8836364,24.56,1328,80.26,4,4
2024-12-13T17:46:02,165,1216,31.35,569.3985714,24.56,1328,86.31,4,4
2024-12-13T17:46:03,165,1216,31.37,650.6178571,24.58,1328,77.64,4,4
2024-12-13T17:46:04,169,1228,31.37,530.338,24.58,1365,71.21,4,4
2024-12-13T17:46:05,169,1228,31.37,736.639,24.56,1365,73.33,4,4
2024-12-13T17:46:06,168,1230,31.37,482.1245455,24.56,1371,74.39,0,4
2024-12-13T17:46:07,168,1230,31.37,769.5966667,24.56,1371,74.39,3,4
2024-12-13T17:46:08,168,1232,31.35,650.733125,24.55,1377,25.245,3,4
2024-12-13T17:46:09,168,1232,31.33,360.1472727,24.58,1377,16.41,3,4
2024-12-13T17:46:10,172,1244,31.33,581.75,24.58,1414,31.14,3,4
2024-12-13T17:46:11,172,1244,31.33,698.8133333,24.58,1414,31.14,3,4
2024-12-13T17:46:12,172,1244,31.37,692.798,24.58,1414,42.13,3,4
2024-12-13T17:46:13,171,1244,31.31,683.81,24.59,1414,58.66,0,4
2024-12-13T17:46:14,164,1228,31.31,454.102,24.59,1365,59.16,3,4
2024-12-13T17:46:15,164,1228,31.31,592.147,24.59,1365,67.53,3,4
2024-12-13T17:46:16,164,1228,31.33,695.378,24.56,1365,69.65,0,4
2024-12-13T17:46:17,165,1227,31.33,505.679,24.56,1362,64.97,3,4
2024-12-13T17:46:18,165,1227,31.33,567.325,24.58,1362,64.97,3,4
2024-12-13T17:46:19,162,1218,31.33,683.82375,24.58,1334,54.515,3,4
2024-12-13T17:46:20,162,1218,31.29,743.5909091,24.56,1334,42.38,4,4
2024-12-13T17:46:21,166,1227,31.29,541.6827273,24.56,1362,37.57,4,4
2024-12-13T17:46:22,166,1227,31.33,746.952,24.58,1362,27.09,4,4
2024-12-13T17:46:23,165,1224,31.33,559.912,24.58,1353,11.92,3,4
2024-12-13T17:46:24,165,1224,31.33,582.19,24.56,1353,9.86,3,4
2024-12-13T17:46:25,162,1214,31.33,589.9645455,24.56,1322,10.55,3,4
2024-12-13T17:46:26,162,1214,31.35,440.27,24.55,1322,12.73,0,4
2024-12-13T17:46:27,163,1216,31.35,509.8075,24.55,1328,18.16,4,4
2024-12-13T17:46:28,163,1216,31.35,706.0809091,24.55,1328,18.16,4,4
2024-12-13T17:46:29,163,1216,31.31,635.4225,24.55,1328,18.35,4,4
2024-12-13T17:46:30,157,1199,31.31,701.0988889,24.55,1276,17.29,0,4
2024-12-13T17:46:31,157,1199,31.39,691.7369231,24.55,1276,20.1,4,4
2024-12-13T17:46:32,158,1199,31.39,509.868,24.55,1276,24.65,4,4
2024-12-13T17:46:33,158,1199,31.35,617.02,24.58,1276,28.15,4,4
2024-12-13T17:46:34,163,1211,31.35,668.7983333,24.58,1313,29.83,4,4
2024-12-13T17:46:35,163,1211,31.35,559.2008333,24.56,1313,26.15,4,4
2024-12-13T17:46:36,162,1210,31.35,427.2844444,24.56,1310,28.02,4,4
2024-12-13T17:46:37,162,1210,31.33,729.8408333,24.56,1310,34.57,4,4
2024-12-13T17:46:38,164,1216,31.33,592.2075,24.56,1328,37.13,4,4
2024-12-13T17:46:39,164,1216,31.33,548.255,24.56,1328,37.13,4,4
2024-12-13T17:46:40,163,1215,31.33,526.8469231,24.58,1325,37.975,4,4
2024-12-13T17:46:41,163,1215,31.33,622.206,24.55,1325,37.975,4,4
2024-12-13T17:46:42,163,1216,31.33,686.27,24.55,1328,37.45,4,4
2024-12-13T17:46:43,163,1216,31.33,530.5255556,24.55,1328,30.58,4,4
2024-12-13T17:46:44,163,1216,31.35,598.673,24.58,1328,25.28,4,4
2024-12-13T17:46:45,163,1215,31.35,470.2771429,24.58,1325,21.78,4,4
2024-12-13T17:46:46,163,1215,31.39,627.3930769,24.56,1325,15.98,4,4
2024-12-13T17:46:47,165,1219,31.39,584.4785714,24.56,1337,10.48,4,4
2024-12-13T17:46:48,165,1219,31.37,641.0938462,24.58,1337,10.61,0,4
2024-12-13T17:46:49,169,1230,31.37,632.198,24.58,1371,11.17,3,4
2024-12-13T17:46:50,169,1230,31.37,555.1033333,24.55,1371,10.86,3,4
2024-12-13T17:46:51,170,1236,31.37,736.3558333,24.55,1390,9.86,0,4
2024-12-13T17:46:52,170,1236,31.37,697.69,24.56,1390,13.42,3,4
2024-12-13T17:46:53,168,1233,31.37,479.2188889,24.56,1380,14.17,3,4
2024-12-13T17:46:54,168,1233,31.35,504.6488889,24.53,1380,16.48,3,4
2024-12-13T17:46:55,168,1233,31.35,457.4372727,24.53,1380,14.54,3,4
2024-12-13T17:46:56,168,1233,31.39,652.2988889,24.56,1380,10.92,3,4
2024-12-13T17:46:57,169,1239,31.39,662.015,24.56,1399,10.92,3,4
2024-12-13T17:46:58,169,1239,31.39,669.753,24.53,1399,9.67,3,4
2024-12-13T17:46:59,168,1235,31.39,509.787,24.53,1386,11.955,0,4
2024-12-13T17:47:00,168,1235,31.39,707.84875,24.53,1386,11.955,3,4
2024-12-13T17:47:01,168,1235,31.35,492.65,24.55,1386,14.67,3,4
2024-12-13T17:47:02,163,1222,31.35,680.3086667,24.55,1347,13.42,3,4
2024-12-13T17:47:03,163,1222,31.37,618.095,24.58,1347,10.73,3,4
2024-12-13T17:47:04,170,1238,31.37,503.4833333,24.58,1396,10.8,3,4
2024-12-13T17:47:05,170,1238,31.39,455.231,24.55,1396,11.05,0,4
2024-12-13T17:47:06,166,1231,31.39,548.9363636,24.55,1374,10.3,3,4
2024-12-13T17:47:07,166,1231,31.39,767.48125,24.59,1374,11.98,3,4
2024-12-13T17:47:08,166,1231,31.39,559.4145455,24.59,1374,17.22,3,4
2024-12-13T17:47:09,166,1231,31.37,670.8427273,24.53,1374,16.35,4,4
2024-12-13T17:47:10,171,1243,31.37,648.879,24.53,1411,26.52,4,4
2024-12-13T17:47:11,171,1243,31.37,486.3383333,24.53,1411,26.52,4,4
2024-12-13T17:47:12,167,1233,31.35,681.6127273,24.56,1380,41.69,4,4
2024-12-13T17:47:13,167,1233,31.35,506.4825,24.56,1380,41.69,4,4
2024-12-13T17:47:14,167,1233,31.39,514.14,24.56,1380,48.49,0,4
2024-12-13T17:47:15,167,1236,31.39,583.1746667,24.56,1390,50.43,4,4
2024-12-13T17:47:16,167,1236,31.37,709.4266667,24.53,1390,47.12,4,4
2024-12-13T17:47:17,162,1221,31.37,510.00875,24.53,1344,46.31,4,4
2024-12-13T17:47:18,162,1221,31.35,602.2466667,24.56,1344,42.38,0,4
2024-12-13T17:47:19,161,1215,31.35,517.523,24.56,1325,41.5,4,4
2024-12-13T17:47:20,161,1215,31.35,668.0577778,24.55,1325,43.94,4,4
2024-12-13T17:47:21,163,1221,31.35,537.5988889,24.55,1344,37.13,4,4
2024-12-13T17:47:22,163,1221,31.39,676.035,24.53,1344,37.94,4,4
2024-12-13T17:47:23,163,1221,31.39,423.562,24.53,1344,35.14,4,5
2024-12-13T17:47:24,169,1235,31.39,654.3007143,24.55,1386,27.46,5,5
2024-12-13T17:47:25,168,1235,31.39,717.378,24.55,1386,19.41,5,5
2024-12-13T17:47:26,168,1235,31.39,510.836,24.58,1386,12.67,0,5
2024-12-13T17:47:27,164,1224,31.39,623.15,24.58,1353,12.67,5,5
2024-12-13T17:47:28,164,1224,31.39,617.69375,24.58,1353,10.7,5,5
2024-12-13T17:47:29,164,1224,31.35,602.71,24.56,1353,10.7,5,5
2024-12-13T17:47:30,161,1216,31.35,719.714,24.56,1328,14.165,5,5
2024-12-13T17:47:31,161,1216,31.33,466.29,24.55,1328,14.165,5,5
2024-12-13T17:47:32,161,1213,31.33,511.2876923,24.55,1319,12.73,6,5
2024-12-13T17:47:33,161,1213,31.31,677.3266667,24.55,1319,9.8,6,5
2024-12-13T17:47:34,163,1218,31.31,591.5614286,24.55,1334,10.48,6,5
2024-12-13T17:47:35,163,1218,31.29,432.44625,24.55,1334,11.48,6,5
2024-12-13T17:47:36,160,1209,31.29,712.6825,24.55,1307,22.16,6,5
2024-12-13T17:47:37,160,1209,31.27,544.4681818,24.55,1307,48.05,6,5
2024-12-13T17:47:38,155,1193,31.27,728.1309091,24.55,1258,83.81,6,5
2024-12-13T17:47:39,155,1193,31.27,447.255,24.55,1258,158.64,6,5
2024-12-13T17:47:40,155,1191,31.27,629.5507143,24.56,1251,180.74,0,5
2024-12-13T17:47:41,155,1191,31.27,424.185,24.56,1251,204.14,6,5
2024-12-13T17:47:42,155,1191,31.27,668.38,24.58,1251,241.4,6,5
2024-12-13T17:47:43,156,1190,31.25,661.1382353,24.56,1248,372.21,0,5
2024-12-13T17:47:44,156,1190,31.25,514.6425,24.56,1248,372.21,6,5
2024-12-13T17:47:45,159,1198,31.25,649.2555556,24.56,1273,420.7,6,5
2024-12-13T17:47:46,159,1198,31.25,534.42,24.55,1273,415.64,0,5
2024-12-13T17:47:47,162,1208,31.25,832.9033333,24.55,1304,389.31,6,5
2024-12-13T17:47:48,162,1208,31.23,531.2827273,24.55,1304,349.86,6,5
2024-12-13T17:47:49,156,1192,31.23,490.4763636,24.55,1255,302.5,4,5
2024-12-13T17:47:50,156,1192,31.21,709.641,24.53,1255,265.74,4,5
2024-12-13T17:47:51,157,1195,31.21,522.6016667,24.53,1264,235.09,4,5
2024-12-13T17:47:52,157,1195,31.29,718.3583333,24.53,1264,204.58,4,5
2024-12-13T17:47:54,158,1198,31.25,623.5838095,24.56,1273,167.255,4,5
2024-12-13T17:47:55,158,1198,31.25,780.275,24.56,1273,167.255,0,5
2024-12-13T17:47:56,160,1203,31.29,632.246875,24.58,1288,101.165,4,5
2024-12-13T17:47:57,154,1188,31.29,598.593,24.58,1242,53.8,4,5
2024-12-13T17:47:58,154,1188,31.29,615.195,24.58,1242,24.4,4,5
2024-12-13T17:47:59,158,1196,31.31,680.5491667,24.55,1267,24.4,4,5
2024-12-13T17:48:00,158,1196,31.31,745.663,24.55,1267,9.92,3,5
2024-12-13T17:48:01,158,1196,31.29,472.1185714,24.56,1267,34.075,3,5
2024-12-13T17:48:02,156,1191,31.29,701.2454545,24.56,1251,34.075,3,5
2024-12-13T17:48:03,156,1191,31.29,558.46,24.56,1251,55.42,3,5
2024-12-13T17:48:04,160,1201,31.29,647.85,24.56,1282,67.78,4,5
2024-12-13T17:48:05,160,1201,31.27,675.1333333,24.52,1282,71.58,4,5
2024-12-13T17:48:06,162,1208,31.27,388.9275,24.52,1304,77.89,4,5
2024-12-13T17:48:07,162,1208,31.29,622.5275,24.55,1304,83.5,4,5
2024-12-13T17:48:08,160,1205,31.29,691.63,24.55,1294,82.69,4,5
2024-12-13T17:48:09,160,1205,31.29,590.495,24.55,1294,80.01,4,5
2024-12-13T17:48:10,162,1212,31.31,712.7858333,24.53,1316,80.57,0,5
2024-12-13T17:48:11,162,1212,31.31,554.7325,24.53,1316,80.57,5,5
2024-12-13T17:48:12,160,1207,31.29,636.5641667,24.55,1301,86.125,5,5
2024-12-13T17:48:13,160,1207,31.29,504.469,24.55,1301,80.82,5,5
2024-12-13T17:48:14,159,1205,31.29,449.3036364,24.55,1294,64.53,0,5
2024-12-13T17:48:15,159,1205,31.29,675.955,24.55,1294,61.54,5,5
2024-12-13T17:48:16,159,1205,31.25,547.098,24.56,1294,54.11,5,5
2024-12-13T17:48:17,162,1213,31.25,741.874,24.56,1319,54.11,5,5
2024-12-13T17:48:18,162,1213,31.29,558.46,24.55,1319,50.43,0,5
2024-12-13T17:48:19,162,1214,31.29,763.0371429,24.55,1322,45.62,6,5
2024-12-13T17:48:20,162,1214,31.31,575.465,24.55,1322,35.51,6,5
2024-12-13T17:48:21,163,1217,31.31,744.374,24.55,1331,29.77,0,5
2024-12-13T17:48:22,163,1217,31.27,445.43875,24.53,1331,24.71,6,5
2024-12-13T17:48:23,161,1213,31.27,545.1633333,24.53,1319,20.35,6,5
2024-12-13T17:48:24,161,1213,31.29,744.6145455,24.53,1319,20.97,0,5
2024-12-13T17:48:25,161,1213,31.29,552.6866667,24.53,1319,15.73,6,5
2024-12-13T17:48:26,157,1202,31.31,666.4471429,24.55,1285,22.22,6,5
2024-12-13T17:48:27,158,1203,31.31,507.5133333,24.55,1288,29.39,6,5
2024-12-13T17:48:28,158,1203,31.31,657.905,24.55,1288,36.82,6,5
2024-12-13T17:48:29,158,1203,31.31,633.7655556,24.53,1288,44.62,0,5
2024-12-13T17:48:30,158,1201,31.31,532.205,24.53,1282,41.38,6,5
2024-12-13T17:48:31,158,1201,31.27,588.68125,24.53,1282,41.38,6,5
2024-12-13T17:48:32,163,1214,31.27,702.1357143,24.53,1322,53.3,6,5
2024-12-13T17:48:33,163,1214,31.31,602.4115385,24.55,1322,53.48,6,5
2024-12-13T17:48:34,162,1213,31.31,741.714,24.55,1319,59.35,6,5
2024-12-13T17:48:35,162,1213,31.29,541.8066667,24.55,1319,65.72,6,5
2024-12-13T17:48:36,157,1201,31.29,645.0545455,24.55,1282,70.71,6,5
2024-12-13T17:48:37,157,1201,31.27,643.58125,24.52,1282,64.28,6,5
2024-12-13T17:48:38,154,1188,31.27,562.733,24.52,1242,61.66,6,5
2024-12-13T17:48:39,154,1188,31.31,608.02375,24.53,1242,66.09,6,5
2024-12-13T17:48:40,159,1200,31.31,580.461,24.53,1279,73.21,6,5
2024-12-13T17:48:41,159,1200,31.31,713.5241667,24.55,1279,74.14,0,5
2024-12-13T17:48:42,161,1207,31.31,557.494,24.55,1301,70.52,7,5
2024-12-13T17:48:43,161,1207,31.31,640.7916667,24.55,1301,70.52,7,5
2024-12-13T17:48:44,161,1207,31.35,658.9241667,24.55,1301,72.27,7,5
2024-12-13T17:48:45,159,1204,31.35,620.6911111,24.55,1291,88.87,7,5
2024-12-13T17:48:46,159,1204,31.31,723.6636364,24.55,1291,88.87,7,5
2024-12-13T17:48:47,161,1210,31.31,492.5141667,24.55,1310,96.86,7,5
2024-12-13T17:48:48,161,1210,31.29,495.8342857,24.55,1310,108.59,7,5
2024-12-13T17:48:49,159,1204,31.29,639.9784615,24.55,1291,113.27,7,5
2024-12-13T17:48:50,159,1204,31.31,524.2125,24.52,1291,114.89,6,5
2024-12-13T17:48:51,155,1195,31.31,652.6808333,24.52,1264,116.95,6,5
2024-12-13T17:48:52,155,1195,31.29,593.4585714,24.53,1264,122.7,6,5
2024-12-13T17:48:53,159,1204,31.29,668.541,24.53,1291,118.76,6,5
2024-12-13T17:48:54,159,1204,31.33,723.825,24.55,1291,125.88,0,5
2024-12-13T17:48:55,157,1199,31.33,480.3822222,24.55,1276,131.25,6,5
2024-12-13T17:48:56,157,1199,31.33,593.3336364,24.53,1276,124.19,6,5
2024-12-13T17:48:57,159,1203,31.33,513.7,24.53,1288,121.2,6,5
2024-12-13T17:48:58,159,1203,31.33,659.7728571,24.53,1288,115.33,6,5
2024-12-13T17:48:59,159,1203,31.35,598.0954545,24.52,1288,102.72,6,5
2024-12-13T17:49:00,158,1202,31.35,519.7072727,24.52,1285,89.37,6,5
2024-12-13T17:49:01,158,1202,31.33,741.8975,24.52,1285,89.37,6,5
2024-12-13T17:49:02,152,1183,31.33,527.9872727,24.52,1227,79.135,6,5
2024-12-13T17:49:03,152,1183,31.31,646.50375,24.53,1227,79.135,6,5
2024-12-13T17:49:04,154,1186,31.31,536.3444444,24.53,1236,64.16,6,5
2024-12-13T17:49:05,154,1186,31.35,500.03625,24.52,1236,55.42,6,5
2024-12-13T17:49:06,159,1200,31.35,646.1271429,24.52,1279,48.68,5,5
2024-12-13T17:49:07,159,1200,31.35,600.0966667,24.52,1279,41.44,5,5
2024-12-13T17:49:08,156,1191,31.37,622.2978571,24.53,1251,42.94,5,5
2024-12-13T17:49:09,156,1191,31.31,643.721,24.53,1251,37.63,0,5
2024-12-13T17:49:10,155,1187,31.31,471.8885714,24.53,1239,37.76,5,5
2024-12-13T17:49:11,155,1187,31.31,636.45,24.53,1239,39.82,5,5
2024-12-13T17:49:12,155,1187,31.31,651.62,24.53,1239,45.56,0,5
2024-12-13T17:49:13,153,1181,31.31,505.6409091,24.53,1221,49.05,5,5
2024-12-13T17:49:14,153,1181,31.33,464.8022222,24.53,1221,49.05,0,5
2024-12-13T17:49:15,160,1202,31.33,639.4055556,24.53,1285,45.9,5,5
2024-12-13T17:49:16,160,1202,31.35,611.8771429,24.53,1285,45.9,5,5
2024-12-13T17:49:17,160,1204,31.35,523.5228571,24.53,1291,42.345,5,5
2024-12-13T17:49:18,160,1204,31.33,698.37875,24.55,1291,49.68,5,5
2024-12-13T17:49:19,162,1212,31.33,559.77125,24.55,1316,49.68,5,5
2024-12-13T17:49:20,162,1212,31.35,614.8733333,24.52,1316,49.12,5,5
2024-12-13T17:49:21,160,1208,31.35,529.209,24.52,1304,50.18,5,5
2024-12-13T17:49:22,160,1208,31.35,724.6033333,24.52,1304,50.18,0,5
2024-12-13T17:49:23,159,1205,31.33,545.4066667,24.53,1294,57.48,4,5
2024-12-13T17:49:24,159,1205,31.33,591.986,24.53,1294,73.39,4,5
2024-12-13T17:49:25,153,1205,31.33,763.4183333,24.53,1245,82.01,0,5
2024-12-13T17:49:26,153,1189,31.33,611.14625,24.53,1245,86,4,5
2024-12-13T17:49:27,151,1189,31.32,716.5346154,24.5,1218,87.12,4,5
2024-12-13T17:49:28,151,1180,31.32,478.6,24.5,1218,96.86,4,5
2024-12-13T17:49:29,151,1180,31.31,781.4557143,24.53,1218,96.86,4,5
2024-12-13T17:49:30,152,1179,31.31,646.9823077,24.53,1215,115.895,4,5
2024-12-13T17:49:31,152,1179,31.33,483.4427273,24.52,1215,131.37,0,5
2024-12-13T17:49:32,156,1189,31.33,768.2555556,24.52,1245,124.57,4,5
2024-12-13T17:49:33,156,1189,31.33,737.8018182,24.55,1245,116.95,4,5
2024-12-13T17:49:34,158,1195,31.33,537.75,24.55,1264,110.34,4,5
2024-12-13T17:49:35,158,1195,31.35,471.6966667,24.52,1264,110.34,4,5
2024-12-13T17:49:36,162,1207,31.35,418.51,24.52,1301,106.66,4,5
2024-12-13T17:49:37,162,1207,31.33,714.878,24.52,1301,103.54,0,5
2024-12-13T17:49:38,163,1215,31.33,545.2675,24.52,1325,108.47,5,5
2024-12-13T17:49:39,163,1215,31.35,602.5976923,24.53,1325,109.65,5,5
2024-12-13T17:49:40,163,1215,31.35,545.6842857,24.53,1325,111.34,4,5
2024-12-13T17:49:41,163,1216,31.35,445.03625,24.53,1328,119.45,4,5
2024-12-13T17:49:42,160,1208,31.35,673.5386667,24.53,1304,127.88,4,5
2024-12-13T17:49:43,160,1208,31.35,610.1528571,24.53,1304,137.8,4,5
2024-12-13T17:49:44,160,1208,31.39,649.39,24.53,1304,138.92,4,5
2024-12-13T17:49:45,159,1206,31.39,536.2555556,24.53,1297,139.55,4,5
2024-12-13T17:49:46,159,1206,31.37,806.9355556,24.52,1297,145.41,0,5
2024-12-13T17:49:47,160,1209,31.37,577.0709091,24.52,1307,145.41,4,5
2024-12-13T17:49:48,160,1209,31.37,659.8188889,24.53,1307,142.17,4,5
2024-12-13T17:49:49,163,1218,31.37,479.7809091,24.53,1334,144.66,0,5
2024-12-13T17:49:50,163,1218,31.4,656.775,24.5,1334,141.26,5,5
2024-12-13T17:49:51,164,1222,31.4,527.759,24.5,1347,141.26,5,5
2024-12-13T17:49:52,164,1222,31.35,735.508,24.53,1347,138.92,5,5
2024-12-13T17:49:53,160,1213,31.35,544.682,24.53,1319,139.73,5,5
2024-12-13T17:49:54,160,1213,31.37,711.4614286,24.52,1319,146.22,0,5
2024-12-13T17:49:55,159,1211,31.37,523.809,24.52,1313,155.52,5,5
2024-12-13T17:49:56,159,1211,31.39,637.356,24.55,1313,160.89,5,5
2024-12-13T17:49:57,159,1211,31.39,411.1042857,24.55,1313,165.7,5,5
2024-12-13T17:49:58,156,1201,31.39,683.7372727,24.55,1282,168.69,5,5
2024-12-13T17:49:59,156,1201,31.41,669.8725,24.53,1282,175.74,5,5
2024-12-13T17:50:00,159,1207,31.41,754.48625,24.53,1301,180.49,5,5
2024-12-13T17:50:01,159,1207,31.39,592.065,24.53,1301,176.3,5,5
2024-12-13T17:50:02,159,1208,31.39,582.33375,24.53,1304,182.48,0,5
2024-12-13T17:50:03,159,1208,31.43,673.458,24.53,1304,182.48,5,5
2024-12-13T17:50:04,161,1210,31.43,532.1366667,24.53,1310,174.56,5,5
2024-12-13T17:50:05,161,1210,31.41,615.437,24.53,1310,173.68,5,5
2024-12-13T17:50:06,161,1212,31.41,433.635,24.53,1316,176.24,5,5
2024-12-13T17:50:07,161,1212,31.42,583.7111111,24.5,1316,174,5,5
2024-12-13T17:50:08,160,1209,31.42,657.1116667,24.5,1307,173.43,5,5
2024-12-13T17:50:09,160,1209,31.42,602.6685714,24.5,1307,176.43,0,5
2024-12-13T17:50:10,155,1196,31.37,555.0181818,24.53,1267,172.56,5,5
2024-12-13T17:50:11,155,1196,31.37,761.0771429,24.53,1267,169.88,5,5
2024-12-13T17:50:12,155,1196,31.37,549.01,24.5,1267,167.26,5,5
2024-12-13T17:50:13,157,1198,31.37,570.9525,24.5,1273,161.7,5,5
2024-12-13T17:50:14,157,1198,31.41,477.6457143,24.53,1273,161.95,5,5
2024-12-13T17:50:15,154,1191,31.41,552.8225,24.53,1251,156.27,5,5
2024-12-13T17:50:16,154,1191,31.41,558.783,24.53,1251,153.21,5,5
2024-12-13T17:50:17,156,1194,31.41,825.362,24.53,1261,153.21,5,5
2024-12-13T17:50:18,156,1194,31.41,608.625,24.53,1261,146.1,5,5
2024-12-13T17:50:19,155,1190,31.41,674.667,24.53,1248,140.11,5,5
2024-12-13T17:50:20,155,1190,31.43,624.99,24.52,1248,130.12,5,5
2024-12-13T17:50:21,154,1187,31.43,705.612,24.52,1239,118.61,5,5
2024-12-13T17:50:22,154,1187,31.43,646.48,24.52,1239,118.61,5,5
2024-12-13T17:50:23,154,1186,31.43,530.0084615,24.52,1236,113.33,0,5
2024-12-13T17:50:24,154,1186,31.42,586.8136364,24.5,1236,109.28,5,5
2024-12-13T17:50:25,154,1186,31.42,635.9385714,24.5,1236,104.22,5,5
2024-12-13T17:50:26,158,1196,31.42,659.3722222,24.5,1267,104.22,5,5
2024-12-13T17:50:27,158,1196,31.41,588.21,24.53,1267,104.22,5,5
2024-12-13T17:50:28,154,1185,31.41,729.8422222,24.53,1233,94.7025,5,5
2024-12-13T17:50:29,154,1185,31.41,627.4727273,24.53,1233,70.77,5,5
2024-12-13T17:50:30,156,1191,31.41,572.644,24.53,1251,69.4,5,4
2024-12-13T17:50:31,156,1191,31.41,445.2375,24.52,1251,69.4,5,4
2024-12-13T17:50:32,157,1194,31.41,611.6488235,24.52,1261,64.125,5,4
2024-12-13T17:50:33,157,1194,31.41,722.32,24.53,1261,64.125,5,4
2024-12-13T17:50:34,161,1205,31.41,577.104,24.53,1294,68.275,5,4
2024-12-13T17:50:35,161,1205,31.41,696.504,24.53,1294,68.275,0,3
2024-12-13T17:50:36,164,1215,31.41,628.409,24.53,1325,73.52,6,3
2024-12-13T17:50:37,164,1215,31.42,561.18125,24.5,1325,78.26,0,3
2024-12-13T17:50:38,164,1215,31.42,696.3983333,24.5,1325,89.74,6,3
2024-12-13T17:50:39,162,1213,31.42,650.9154545,24.5,1319,95.8,6,3
2024-12-13T17:50:40,162,1213,31.41,767.502,24.52,1319,110.15,0,3
2024-12-13T17:50:41,155,1195,31.41,523.6928571,24.52,1264,120.39,5,3
2024-12-13T17:50:42,157,1200,31.37,614.12,24.53,1279,126.69,5,3
2024-12-13T17:50:43,157,1200,31.37,642.2688889,24.53,1279,126.32,4,3
2024-12-13T17:50:44,157,1200,31.39,529.3357143,24.53,1279,124.44,4,3
2024-12-13T17:50:45,158,1202,31.39,645.2933333,24.53,1285,138.73,4,3
2024-12-13T17:50:46,158,1202,31.37,716.85,24.52,1285,153.46,4,3
2024-12-13T17:50:47,154,1192,31.37,580.8477778,24.52,1255,162.14,4,3
2024-12-13T17:50:48,154,1192,31.41,590.859,24.53,1255,178.99,4,3
2024-12-13T17:50:49,158,1202,31.41,648.7181818,24.53,1285,184.98,0,3
2024-12-13T17:50:50,158,1202,31.39,443.787,24.53,1285,184.98,3,3
2024-12-13T17:50:51,154,1189,31.39,576.754,24.53,1245,189.565,3,3
2024-12-13T17:50:52,154,1189,31.39,705.3966667,24.53,1245,189.565,3,3
2024-12-13T17:50:53,153,1185,31.39,664.3164286,24.53,1233,189.47,3,3
2024-12-13T17:50:54,153,1185,31.39,625.0028571,24.53,1233,190.16,3,3
2024-12-13T17:50:55,157,1196,31.39,563.1518182,24.53,1267,193.84,0,3
2024-12-13T17:50:56,157,1196,31.39,565.9457143,24.53,1267,196.15,3,3
2024-12-13T17:50:57,157,1196,31.37,685.7876923,24.53,1267,194.78,3,3
2024-12-13T17:50:58,154,1188,31.37,598.674,24.53,1242,191.91,3,3
2024-12-13T17:50:59,154,1188,31.39,552.255,24.52,1242,187.16,3,3
2024-12-13T17:51:00,154,1187,31.39,366.9344444,24.52,1239,186.6,3,3
2024-12-13T17:51:01,154,1187,31.35,582.2914286,24.53,1239,180.42,3,3
2024-12-13T17:51:02,157,1194,31.35,715.6038462,24.53,1261,176.49,0,3
2024-12-13T17:51:03,157,1194,31.37,538.4618182,24.52,1261,177.24,3,3
2024-12-13T17:51:04,155,1189,31.37,713.0714286,24.52,1245,177.24,3,3
2024-12-13T17:51:05,155,1189,31.41,481.9044444,24.52,1245,183.73,3,3
2024-12-13T17:51:06,157,1194,31.41,637.95,24.52,1261,179.24,3,3
2024-12-13T17:51:07,157,1194,31.38,682.6372727,24.5,1261,197.715,3,3
2024-12-13T17:51:08,153,1185,31.38,486.659,24.5,1233,197.715,3,3
2024-12-13T17:51:09,153,1185,31.38,446.0888889,24.5,1233,215.62,3,3
2024-12-13T17:51:10,153,1185,31.39,768.3433333,24.52,1233,225.48,0,3
2024-12-13T17:51:11,158,1196,31.39,524.21125,24.52,1267,233.16,3,3
2024-12-13T17:51:12,158,1196,31.39,669.8041667,24.53,1267,232.85,3,3
2024-12-13T17:51:13,155,1187,31.39,643.802,24.53,1239,239.9,3,3
2024-12-13T17:51:14,155,1187,31.39,558.541,24.52,1239,236.59,3,3
2024-12-13T17:51:15,156,1193,31.39,758.3144444,24.52,1258,244.39,3,3
2024-12-13T17:51:16,156,1193,31.43,495.2,24.55,1258,240.27,3,3
2024-12-13T17:51:17,156,1191,31.43,543.149,24.55,1251,243.96,3,3
2024-12-13T17:51:18,156,1191,31.43,630.2446154,24.52,1251,243.58,0,3
2024-12-13T17:51:19,156,1192,31.43,650.8677778,24.52,1255,243.58,3,3
2024-12-13T17:51:20,156,1192,31.43,615.6763636,24.55,1255,240.09,3,3
2024-12-13T17:51:21,156,1193,31.43,637.7944444,24.55,1258,240.09,3,3
2024-12-13T17:51:22,156,1193,31.37,607.7,24.53,1258,232.85,3,3
2024-12-13T17:51:23,154,1189,31.37,646.5025,24.53,1245,219.8,3,3
2024-12-13T17:51:24,154,1189,31.37,534.6444444,24.53,1245,220.8,3,3
2024-12-13T17:51:25,154,1189,31.41,648.959,24.55,1245,218.18,3,3
2024-12-13T17:51:26,154,1186,31.41,573.9741667,24.53,1236,217.56,3,3
2024-12-13T17:51:27,154,1186,31.39,692.3233333,24.53,1236,214.19,3,3
2024-12-13T17:51:28,160,1201,31.39,618.014,24.53,1282,209.76,3,3
2024-12-13T17:51:29,160,1201,31.43,688.93,24.53,1282,201.21,3,3
2024-12-13T17:51:30,162,1209,31.43,536.865,24.53,1307,193.09,3,3
2024-12-13T17:51:31,162,1209,31.39,732.85,24.53,1307,189.04,3,3
2024-12-13T17:51:32,160,1206,31.39,524.415,24.53,1297,183.23,3,3
2024-12-13T17:51:33,160,1206,31.41,553.5575,24.52,1297,182.92,0,3
2024-12-13T17:51:34,159,1206,31.41,533.7,24.52,1297,181.17,3,3
2024-12-13T17:51:35,159,1206,31.41,458.13,24.52,1297,181.17,3,3
2024-12-13T17:51:36,163,1216,31.39,653.150625,24.55,1328,187.35,3,3
2024-12-13T17:51:37,163,1216,31.41,657.985,24.55,1328,180.55,3,3
2024-12-13T17:51:38,159,1208,31.41,585.942,24.55,1304,178.05,4,3
2024-12-13T17:51:39,159,1208,31.39,743.5172727,24.53,1304,176.055,4,3
2024-12-13T17:51:40,157,1202,31.39,470.5322222,24.53,1285,176.055,4,3
2024-12-13T17:51:41,157,1202,31.39,678.3544444,24.53,1285,167.75,4,3
2024-12-13T17:51:42,157,1202,31.43,394.6428571,24.53,1285,165.57,4,3
2024-12-13T17:51:43,161,1212,31.43,564.3041667,24.53,1316,182.36,4,3
2024-12-13T17:51:44,161,1212,31.43,456.52125,24.53,1316,182.05,4,3
2024-12-13T17:51:45,155,1195,31.43,594.4566667,24.53,1264,188.22,4,3
2024-12-13T17:51:46,155,1195,31.39,804.55125,24.53,1264,186.66,4,3
2024-12-13T17:51:47,153,1187,31.39,565.4954545,24.53,1239,197.15,4,3
2024-12-13T17:51:48,153,1187,31.39,562.895,24.52,1239,209.82,4,3
2024-12-13T17:51:49,151,1180,31.39,676.117,24.52,1218,220.37,0,3
2024-12-13T17:51:50,151,1180,31.39,566.359,24.53,1218,218.81,4,3
2024-12-13T17:51:51,155,1189,31.39,669.51,24.53,1245,218.81,4,3
2024-12-13T17:51:52,155,1189,31.41,426.9590909,24.52,1245,209.635,3,3
2024-12-13T17:51:53,159,1201,31.41,541.9866667,24.52,1282,209.635,3,3
2024-12-13T17:51:54,159,1201,31.41,594.9922222,24.52,1282,204.51,3,3
2024-12-13T17:51:55,160,1205,31.41,607.4727273,24.53,1294,196.59,3,3
2024-12-13T17:51:56,160,1205,31.41,537.78,24.53,1294,180.42,3,3
2024-12-13T17:51:57,160,1205,31.43,641.5221429,24.52,1294,161.33,0,3
2024-12-13T17:51:58,159,1204,31.43,694.088,24.52,1291,142.92,3,3
2024-12-13T17:51:59,159,1204,31.45,720.84375,24.53,1291,110.03,3,3
2024-12-13T17:52:00,157,1200,31.45,629.17625,24.53,1279,77.51,3,3
2024-12-13T17:52:01,157,1200,31.45,562.6776923,24.52,1279,53.67,3,3
2024-12-13T17:52:02,153,1189,31.45,620.8711111,24.52,1245,30.83,3,3
2024-12-13T17:52:03,153,1189,31.39,492.785,24.53,1245,30.83,3,3
2024-12-13T17:52:04,153,1185,31.39,627.6507143,24.53,1233,19.565,0,3
2024-12-13T17:52:05,153,1185,31.39,598.8714286,24.52,1233,19.565,3,3
2024-12-13T17:52:06,150,1176,31.39,673.298,24.52,1205,40.07,3,3
2024-12-13T17:52:07,150,1176,31.41,567.83,24.55,1205,41.47,3,3
2024-12-13T17:52:08,154,1184,31.41,700.4184615,24.55,1230,43.94,3,3
2024-12-13T17:52:09,154,1184,31.41,612.2755556,24.53,1230,43.94,3,3
2024-12-13T17:52:10,154,1184,31.41,547.0775,24.53,1230,58.23,3,3
2024-12-13T17:52:11,157,1192,31.41,392.05125,24.53,1255,49.93,0,3
2024-12-13T17:52:12,157,1192,31.41,660.0675,24.53,1255,43.44,3,3
2024-12-13T17:52:13,154,1187,31.41,553.22375,24.53,1239,41.63,3,3
2024-12-13T17:52:14,154,1187,31.37,729.9083333,24.55,1239,35.2,3,3
2024-12-13T17:52:15,158,1198,31.37,604.9,24.55,1273,44.5,3,3
2024-12-13T17:52:16,158,1198,31.39,643.882,24.53,1273,47.18,0,3
2024-12-13T17:52:17,160,1203,31.39,543.955,24.53,1288,46.24,3,3
2024-12-13T17:52:18,160,1203,31.37,629.2888889,24.53,1288,48.37,3,3
2024-12-13T17:52:19,157,1197,31.37,587.6511111,24.53,1270,47.06,3,3
2024-12-13T17:52:20,157,1197,31.41,602.0458333,24.53,1270,51.11,3,3
2024-12-13T17:52:21,158,1199,31.41,676.3844444,24.53,1276,72.52,3,3
2024-12-13T17:52:22,158,1199,31.39,682.402,24.55,1276,101.6,3,3
2024-12-13T17:52:23,158,1202,31.39,533.078,24.55,1285,107.16,0,3
2024-12-13T17:52:24,158,1202,31.39,713.1857143,24.55,1285,107.16,3,3
2024-12-13T17:52:25,159,1204,31.41,564.3708333,24.53,1291,95.3,3,3
2024-12-13T17:52:26,159,1204,31.41,574.1766667,24.53,1291,95.3,3,3
2024-12-13T17:52:27,159,1204,31.39,600.9044444,24.53,1291,72.39,3,3
2024-12-13T17:52:28,156,1196,31.39,558.26,24.53,1267,55.86,3,3
2024-12-13T17:52:29,156,1196,31.39,511.238,24.53,1267,38.44,3,3
2024-12-13T17:52:30,154,1190,31.39,640.8608333,24.53,1248,21.22,3,3
2024-12-13T17:52:31,154,1190,31.41,565.5791667,24.55,1248,13.04,3,3
2024-12-13T17:52:32,154,1188,31.41,530.337,24.55,1242,14.73,3,3
2024-12-13T17:52:33,154,1188,31.35,705.934,24.53,1242,32.51,3,3
2024-12-13T17:52:34,155,1191,31.35,599.883,24.53,1251,38.63,3,3
2024-12-13T17:52:35,155,1191,31.37,604.69875,24.53,1251,38.19,3,3
2024-12-13T17:52:36,153,1186,31.37,635.1066667,24.53,1236,46.43,3,3
2024-12-13T17:52:37,153,1186,31.39,480.7309091,24.53,1236,58.54,3,3
2024-12-13T17:52:38,156,1192,31.39,650.249,24.53,1255,58.54,3,3
2024-12-13T17:52:39,156,1192,31.39,683.8725,24.53,1255,62.47,3,3
2024-12-13T17:52:40,154,1188,31.41,632.0881818,24.53,1242,57.04,0,3
2024-12-13T17:52:41,154,1188,31.41,577.6244444,24.53,1242,57.04,3,3
2024-12-13T17:52:42,154,1188,31.39,702.5322222,24.53,1242,61.78,3,3
2024-12-13T17:52:43,151,1179,31.39,460.1444444,24.53,1215,65.28,3,3
2024-12-13T17:52:44,151,1179,31.39,646.3018182,24.53,1215,81.63,3,3
2024-12-13T17:52:45,154,1185,31.39,418.08,24.53,1233,99.23,3,2
2024-12-13T17:52:46,154,1185,31.39,563.9842857,24.53,1233,120.2,3,2
2024-12-13T17:52:47,155,1188,31.39,718.0216667,24.53,1242,133.24,3,2
2024-12-13T17:52:48,155,1188,31.37,636.147,24.53,1242,143.29,3,2
2024-12-13T17:52:49,152,1181,31.37,545.2675,24.53,1221,151.4,3,2
2024-12-13T17:52:50,152,1181,31.39,703.276,24.53,1221,163.01,3,2
2024-12-13T17:52:51,152,1180,31.39,509.23,24.53,1218,177.18,3,2
2024-12-13T17:52:52,152,1180,31.37,501.1718182,24.52,1218,181.48,3,2
2024-12-13T17:52:53,151,1178,31.37,617.8277778,24.52,1212,189.72,3,2
2024-12-13T17:52:54,151,1178,31.37,514.3685714,24.52,1212,189.72,3,2
2024-12-13T17:52:55,151,1178,31.37,604.2723077,24.52,1212,196.65,2,1
2024-12-13T17:52:56,157,1191,31.37,639.4066667,24.52,1251,203.7,2,1
2024-12-13T17:52:57,157,1191,31.41,730.433,24.52,1251,203.2,2,1
2024-12-13T17:52:58,156,1193,31.41,549.84,24.52,1258,212.94,2,1
2024-12-13T17:52:59,156,1193,31.37,597.9477778,24.53,1258,211.82,2,1
2024-12-13T17:53:00,160,1205,31.37,749.8966667,24.53,1294,207.95,1,1
2024-12-13T17:53:01,160,1205,31.37,473.6185714,24.52,1294,207.95,1,1
2024-12-13T17:53:02,158,1202,31.37,750.3925,24.52,1285,201.205,1,1
2024-12-13T17:53:03,158,1202,31.37,506.7409091,24.53,1285,196.21,1,1
2024-12-13T17:53:04,158,1204,31.37,564.024,24.53,1291,187.85,1,1
2024-12-13T17:53:05,158,1204,31.37,739.137,24.53,1291,189.66,1,1
2024-12-13T17:53:06,158,1204,31.37,479.755,24.53,1291,184.42,1,1
2024-12-13T17:53:07,159,1207,31.37,641.2921429,24.53,1301,181.98,1,1
2024-12-13T17:53:08,161,1211,31.37,675.3122222,24.53,1313,178.3,1,1
2024-12-13T17:53:09,161,1211,31.37,525.5681818,24.52,1313,183.48,1,1
2024-12-13T17:53:10,161,1211,31.37,706.05,24.52,1313,183.48,1,1
2024-12-13T17:53:11,159,1207,31.37,493.025,24.52,1301,195.78,1,1
2024-12-13T17:53:12,159,1207,31.39,599.76,24.55,1301,203.14,1,1
2024-12-13T17:53:13,162,1218,31.39,519.4775,24.55,1334,209.94,1,1
2024-12-13T17:53:14,162,1218,31.37,659.2625,24.53,1334,216.62,1,1
2024-12-13T17:53:15,158,1209,31.37,687.722,24.53,1307,220.68,1,1
2024-12-13T17:53:16,158,1209,31.33,545.265,24.53,1307,219.74,1,1
2024-12-13T17:53:17,159,1211,31.33,755.897,24.53,1313,220.24,1,1
2024-12-13T17:53:18,159,1211,31.37,545.4945455,24.53,1313,220.74,1,1
2024-12-13T17:53:19,159,1211,31.37,686.5944444,24.53,1313,215.5,1,1
2024-12-13T17:53:20,159,1211,31.35,554.916,24.53,1313,214.31,1,1
2024-12-13T17:53:21,158,1207,31.35,497.0141667,24.53,1301,218.18,1,1
2024-12-13T17:53:22,158,1207,31.35,679.0375,24.53,1301,224.05,1,1
2024-12-13T17:53:23,158,1207,31.35,564.3328571,24.53,1301,218.93,1,1
2024-12-13T17:53:24,160,1213,31.35,613.985,24.53,1319,218.93,1,1
2024-12-13T17:53:25,160,1213,31.37,579.2791667,24.53,1319,229.075,1,1
2024-12-13T17:53:26,155,1198,31.37,528.7333333,24.53,1273,229.075,1,1
2024-12-13T17:53:27,155,1198,31.37,718.1111111,24.52,1273,246.08,1,1
2024-12-13T17:53:28,155,1196,31.37,509.787,24.52,1267,256.44,1,1
2024-12-13T17:53:29,155,1196,31.35,450.316,24.56,1267,256.81,1,1
2024-12-13T17:53:30,153,1191,31.35,749.0845455,24.56,1251,258.68,1,1
2024-12-13T17:53:31,153,1191,31.35,622.045,24.55,1251,256.69,1,1
2024-12-13T17:53:32,157,1199,31.35,586.3727273,24.55,1276,252.69,1,1
2024-12-13T17:53:33,157,1199,31.39,707.062,24.55,1276,252.13,1,1
2024-12-13T17:53:34,156,1196,31.39,602.7835714,24.55,1267,249.2,1,1
2024-12-13T17:53:35,156,1196,31.35,659.3744444,24.53,1267,248.64,1,1
2024-12-13T17:53:36,156,1196,31.35,557.3866667,24.53,1267,252.26,1,1
2024-12-13T17:53:37,156,1196,31.37,573.4790909,24.53,1267,253.07,1,1
2024-12-13T17:53:38,156,1196,31.37,829.3457143,24.53,1267,253.07,1,1
2024-12-13T17:53:39,159,1203,31.37,603.0045455,24.53,1288,254.91,1,1
2024-12-13T17:53:40,155,1195,31.35,673.458,24.52,1264,253.94,1,1
2024-12-13T17:53:41,155,1195,31.35,662.015,24.52,1264,253.94,1,1
2024-12-13T17:53:42,155,1195,31.39,520.184,24.53,1264,250.32,0,1
2024-12-13T17:53:43,155,1195,31.39,721.2444444,24.53,1264,245.2,1,1
2024-12-13T17:53:44,155,1195,31.37,497.0125,24.53,1264,245.2,1,1
2024-12-13T17:53:45,162,1212,31.37,505.1035714,24.53,1316,235.97,1,1
2024-12-13T17:53:46,162,1212,31.41,707.2783333,24.55,1316,234.34,1,1
2024-12-13T17:53:47,160,1210,31.41,470.0485714,24.55,1310,225.79,1,1
2024-12-13T17:53:48,160,1210,31.35,654.185,24.52,1310,218.62,1,1
2024-12-13T17:53:49,155,1199,31.35,604.88,24.52,1276,216.87,1,1
2024-12-13T17:53:50,155,1199,31.38,598.25,24.5,1276,214.44,1,1
2024-12-13T17:53:51,157,1204,31.38,672.3555556,24.5,1291,208.76,1,1
2024-12-13T17:53:52,157,1204,31.38,533.98375,24.5,1291,208.76,1,1
2024-12-13T17:53:53,159,1205,31.37,626.825,24.53,1294,200.615,1,1
2024-12-13T17:53:54,159,1205,31.37,588.358,24.53,1294,196.84,1,1
2024-12-13T17:53:55,159,1205,31.39,682.3625,24.53,1294,196.84,1,1
2024-12-13T17:53:56,157,1200,31.39,766.9111111,24.53,1279,198.46,0,1
2024-12-13T17:53:57,157,1200,31.37,629.1775,24.53,1279,198.46,1,1
2024-12-13T17:53:58,154,1192,31.37,704.0328571,24.53,1255,204.17,1,1
2024-12-13T17:53:59,154,1192,31.37,587.37375,24.53,1255,204.17,1,1
2024-12-13T17:54:00,152,1185,31.37,670.9255556,24.53,1233,206.51,1,1
2024-12-13T17:54:01,152,1185,31.39,610.358,24.55,1233,211.5,1,1
2024-12-13T17:54:02,152,1182,31.39,486.498,24.55,1224,210.01,1,1
2024-12-13T17:54:03,152,1182,31.37,631.15,24.55,1224,207.57,1,1
2024-12-13T17:54:04,151,1180,31.37,582.6357143,24.55,1218,210.07,1,1
2024-12-13T17:54:05,151,1180,31.39,700.858,24.55,1218,214,1,1
2024-12-13T17:54:06,151,1180,31.39,604.5128571,24.55,1218,224.36,1,1
2024-12-13T17:54:07,156,1189,31.35,614.5842857,24.55,1245,236.22,1,1
2024-12-13T17:54:08,156,1189,31.35,887.79,24.55,1245,236.22,1,1
2024-12-13T17:54:09,156,1193,31.35,634.5063636,24.55,1258,249.975,1,1
2024-12-13T17:54:10,156,1193,31.31,403.897,24.53,1258,255.94,1,1
2024-12-13T17:54:11,152,1182,31.31,380.66875,24.53,1224,255.94,1,1
2024-12-13T17:54:12,152,1182,31.37,566.7216667,24.53,1224,271.73,1,1
2024-12-13T17:54:13,150,1176,31.37,799.715,24.53,1205,276.91,1,0
2024-12-13T17:54:14,150,1176,31.35,535.657,24.53,1205,278.9,1,0
2024-12-13T17:54:15,150,1172,31.35,711.6416667,24.53,1193,267.61,1,0
2024-12-13T17:54:16,150,1172,31.37,527.43625,24.52,1193,261.68,1,0
2024-12-13T17:54:17,152,1178,31.37,554.835,24.52,1212,265.49,1,0
2024-12-13T17:54:18,152,1178,31.35,832.0516667,24.55,1212,266.67,1,0
2024-12-13T17:54:19,154,1184,31.35,530.2566667,24.55,1230,263.61,1,0
2024-12-13T17:54:20,154,1184,31.37,560.154,24.53,1230,260.24,1,0
2024-12-13T17:54:21,156,1192,31.37,484.6163636,24.53,1255,255.06,1,0
2024-12-13T17:54:22,156,1192,31.37,782.28875,24.53,1255,249.01,1,0
2024-12-13T17:54:23,156,1192,31.35,613.4054545,24.52,1255,244.7,0,0
2024-12-13T17:54:24,155,1189,31.35,584.2481818,24.52,1245,243.02,0,0
2024-12-13T17:54:25,155,1189,31.35,713.4185714,24.55,1245,243.02,0,0
2024-12-13T17:54:26,157,1195,31.35,520.102,24.55,1264,238.09,0,0
2024-12-13T17:54:27,157,1195,31.33,696.6222222,24.53,1264,240.27,0,0
2024-12-13T17:54:28,149,1174,31.33,595.5316667,24.53,1199,228.17,0,0
2024-12-13T17:54:29,149,1174,31.35,585.78,24.53,1199,225.735,0,0
2024-12-13T17:54:30,145,1159,31.35,531.628,24.53,1153,225.735,0,0
2024-12-13T17:54:31,145,1159,31.35,700.613,24.56,1153,212.5,0,0
2024-12-13T17:54:32,148,1165,31.35,508.417,24.56,1172,204.45,0,0
2024-12-13T17:54:33,148,1165,31.35,755.4371429,24.52,1172,197.77,0,0
2024-12-13T17:54:34,154,1182,31.35,534.82,24.52,1224,190.97,0,0
2024-12-13T17:54:35,154,1182,31.35,642.433,24.52,1224,188.29,0,0
2024-12-13T17:54:36,154,1184,31.39,719.0958333,24.53,1230,184.92,0,0
2024-12-13T17:54:37,154,1184,31.34,589.89,24.5,1230,180.61,0,0
2024-12-13T17:54:38,154,1184,31.34,683.7725,24.5,1230,180.61,0,0
2024-12-13T17:54:39,155,1188,31.34,488.02,24.5,1242,177.27,0,0
2024-12-13T17:54:40,155,1188,31.39,671.0116667,24.53,1242,178.49,0,0
2024-12-13T17:54:41,154,1186,31.39,622.8633333,24.53,1236,180.17,0,0
2024-12-13T17:54:42,154,1186,31.35,696.585,24.52,1236,178.05,0,0
2024-12-13T17:54:43,152,1182,31.35,473.845,24.52,1224,178.05,0,0
2024-12-13T17:54:44,152,1182,31.35,671.8681818,24.55,1224,180.42,0,0
2024-12-13T17:54:45,148,1170,31.35,654.4742857,24.55,1187,179.175,0,0
2024-12-13T17:54:46,148,1170,31.35,625.8175,24.53,1187,179.175,0,0
2024-12-13T17:54:47,149,1169,31.35,695.378,24.53,1184,174.68,0,0
2024-12-13T17:54:48,149,1169,31.39,416.12625,24.55,1184,174.49,0,0
2024-12-13T17:54:49,152,1179,31.39,553.6254545,24.55,1215,180.86,0,0
2024-12-13T17:54:50,152,1179,31.39,654.46125,24.55,1215,190.47,0,0
2024-12-13T17:54:51,153,1180,31.37,672.0253846,24.55,1218,207.7,0,0
2024-12-13T17:54:52,153,1180,31.37,574.0725,24.55,1218,213.63,0,0
2024-12-13T17:54:53,153,1180,31.39,726.6188889,24.53,1218,226.92,0,0
2024-12-13T17:54:54,155,1186,31.39,561.281,24.53,1236,237.53,0,0
2024-12-13T17:54:55,155,1186,31.37,591.7314286,24.53,1236,250.88,0,0
2024-12-13T17:54:56,156,1192,31.37,707.1063636,24.53,1255,250.88,0,0
2024-12-13T17:54:57,156,1192,31.37,493.92,24.53,1255,267.515,0,0
2024-12-13T17:54:58,152,1182,31.37,542.9483333,24.53,1224,287.7,0,0
2024-12-13T17:54:59,152,1182,31.39,763.4183333,24.53,1224,287.7,0,0
2024-12-13T17:55:00,150,1176,31.39,666.1527273,24.53,1205,296.5,0,0
2024-12-13T17:55:01,150,1176,31.35,655.487,24.56,1205,300.12,0,0
2024-12-13T17:55:02,153,1183,31.35,730.03,24.56,1227,305.55,0,0
2024-12-13T17:55:03,153,1183,31.41,505.4936364,24.52,1227,307.36,0,0
2024-12-13T17:55:04,151,1179,31.41,636.066,24.52,1215,308.05,0,0
2024-12-13T17:55:05,151,1179,31.39,545.811,24.52,1215,304.87,0,0
2024-12-13T17:55:06,153,1183,31.39,670.7444444,24.52,1227,305.05,0,0
2024-12-13T17:55:07,153,1183,31.39,538.71875,24.52,1227,300,0,0
2024-12-13T17:55:08,146,1183,31.37,647.4709091,24.53,1166,293.7,0,0
2024-12-13T17:55:09,146,1163,31.37,559.912,24.53,1166,293.7,0,0
2024-12-13T17:55:10,146,1163,31.37,761.3566667,24.53,1166,288.08,0,0
2024-12-13T17:55:11,149,1170,31.37,723.3178571,24.53,1187,280.12,0,0
2024-12-13T17:55:12,149,1170,31.35,527.48,24.53,1187,280.12,0,0
2024-12-13T17:55:13,150,1171,31.35,619.304,24.53,1190,275.6,0,0
2024-12-13T17:55:14,150,1171,31.39,520.7318182,24.55,1190,265.67,0,0
2024-12-13T17:55:15,154,1181,31.39,707.6816667,24.55,1221,263.8,0,0
2024-12-13T17:55:16,154,1181,31.37,608.4916667,24.55,1221,252.76,0,0
2024-12-13T17:55:17,155,1188,31.37,604.8433333,24.55,1242,244.02,0,0
2024-12-13T17:55:18,155,1188,31.41,554.916,24.52,1242,245.39,0,0
2024-12-13T17:55:19,155,1188,31.41,857.8416667,24.52,1242,243.21,0,0
2024-12-13T17:55:20,157,1195,31.41,655.7846154,24.53,1264,241.58,0,0
2024-12-13T17:55:21,155,1192,31.41,571.3554545,24.53,1255,236.09,0,0
2024-12-13T17:55:22,155,1192,31.35,634.93,24.52,1255,231.54,0,0
2024-12-13T17:55:23,156,1196,31.35,532.916,24.52,1267,230.35,0,0
2024-12-13T17:55:24,156,1196,31.35,446.446,24.52,1267,227.17,0,0
2024-12-13T17:55:25,156,1196,31.37,756.058,24.53,1267,227.17,0,0
2024-12-13T17:55:26,159,1205,31.37,698.4507143,24.53,1294,218.62,0,0
2024-12-13T17:55:27,159,1205,31.37,481.338,24.5,1294,213.87,0,0
2024-12-13T17:55:28,154,1194,31.37,681.4654545,24.5,1261,229.23,0,0
2024-12-13T17:55:29,154,1194,31.39,661.854,24.53,1261,232.47,0,0
2024-12-13T17:55:30,153,1189,31.39,503.1266667,24.53,1245,232.47,0,0
2024-12-13T17:55:31,153,1189,31.35,561.443,24.53,1245,237.9,0,0
2024-12-13T17:55:32,151,1182,31.35,691.509,24.53,1224,250.07,0,0
2024-12-13T17:55:33,151,1182,31.39,550.00125,24.53,1224,254.32,0,0
2024-12-13T17:55:34,151,1179,31.39,642.0922222,24.53,1215,260.06,0,0
2024-12-13T17:55:35,151,1179,31.35,659.195,24.53,1215,258.37,0,0
2024-12-13T17:55:36,151,1178,31.35,593.598,24.53,1212,258.68,0,0
2024-12-13T17:55:37,151,1178,31.35,591.099,24.53,1212,270.98,0,0
2024-12-13T17:55:38,151,1177,31.39,657.8027273,24.55,1209,283.96,0,0
2024-12-13T17:55:39,151,1177,31.39,474.813,24.55,1209,293.13,0,0
2024-12-13T17:55:40,151,1177,31.37,775.5044444,24.52,1209,294.69,0,0
2024-12-13T17:55:41,147,1166,31.37,520.8533333,24.52,1175,294.69,0,0
2024-12-13T17:55:42,147,1166,31.37,691.51,24.53,1175,301.75,0,1
2024-12-13T17:55:43,148,1165,31.37,587.4709091,24.53,1172,302.99,0,1
2024-12-13T17:55:44,148,1165,31.41,564.5041667,24.52,1172,305.55,1,2
2024-12-13T17:55:45,149,1168,31.41,766.6042857,24.52,1181,305.55,1,2
2024-12-13T17:55:46,149,1168,31.37,543.312,24.53,1181,304.8,1,2
2024-12-13T17:55:47,149,1166,31.37,492.3825,24.53,1175,291.575,1,3
2024-12-13T17:55:48,149,1166,31.34,517.3636364,24.5,1175,291.575,1,3
2024-12-13T17:55:49,152,1175,31.34,649.4355556,24.5,1202,271.29,2,4
2024-12-13T17:55:50,152,1175,31.34,572.0722222,24.52,1202,254.81,2,4
2024-12-13T17:55:51,150,1173,31.35,687.5454545,24.52,1196,254.81,2,4
2024-12-13T17:55:52,150,1173,31.35,492.08,24.52,1196,246.9766667,2,4
2024-12-13T17:55:53,150,1173,31.35,788.7085714,24.52,1196,228.04,0,4
2024-12-13T17:55:54,150,1173,31.35,540.9628571,24.52,1196,214.62,2,4
2024-12-13T17:55:55,150,1173,31.33,541.8066667,24.52,1196,207.63,2,4
2024-12-13T17:55:56,150,1173,31.33,682.63,24.52,1196,214.12,3,4
2024-12-13T17:55:57,150,1173,31.37,552.257,24.53,1196,235.16,3,4
2024-12-13T17:55:58,146,1162,31.37,494.6633333,24.53,1163,252.82,3,4
2024-12-13T17:55:59,146,1162,31.35,603.912,24.53,1163,276.41,4,4
2024-12-13T17:56:00,146,1158,31.35,554.8383333,24.53,1150,284.33,4,4
2024-12-13T17:56:01,146,1158,31.37,717.8036364,24.5,1150,284.33,0,4
2024-12-13T17:56:02,148,1164,31.37,507.7925,24.5,1169,303.12,4,4
2024-12-13T17:56:03,148,1164,31.35,578.4830769,24.53,1169,303.12,0,4
2024-12-13T17:56:04,146,1158,31.35,511.9011111,24.53,1150,310.98,4,4
2024-12-13T17:56:05,146,1158,31.37,679.906,24.5,1150,309.55,4,4
2024-12-13T17:56:06,146,1158,31.37,540.43,24.5,1150,306.05,4,4
2024-12-13T17:56:07,145,1155,31.37,619.30375,24.5,1141,295.69,4,4
2024-12-13T17:56:08,145,1155,31.35,598.3145455,24.52,1141,286.21,4,4
2024-12-13T17:56:09,150,1167,31.35,679.905,24.52,1178,260.62,4,4
2024-12-13T17:56:10,150,1167,31.35,651.0730769,24.53,1178,242.02,4,4
2024-12-13T17:56:11,153,1176,31.35,655.7033333,24.53,1205,225.67,4,4
2024-12-13T17:56:12,153,1176,31.35,505.839,24.52,1205,208.76,4,4
2024-12-13T17:56:13,153,1181,31.35,663.155,24.52,1221,194.28,4,4
2024-12-13T17:56:14,153,1181,31.35,743.003,24.53,1221,179.55,4,4
2024-12-13T17:56:15,150,1173,31.35,403.6242857,24.53,1196,159.33,4,4
2024-12-13T17:56:17,149,1170,31.37,714.638,24.53,1187,142.48,4,4
2024-12-13T17:56:18,149,1170,31.37,406.3575,24.52,1187,127.56,4,3
2024-12-13T17:56:19,149,1170,31.37,619.3025,24.52,1187,127.56,4,3
2024-12-13T17:56:20,149,1168,31.34,595.7518182,24.5,1181,121.2,3,3
2024-12-13T17:56:21,151,1174,31.34,616.808,24.5,1199,117.83,3,3
2024-12-13T17:56:22,151,1174,31.34,572.966,24.5,1199,117.83,3,3
2024-12-13T17:56:23,151,1174,31.34,608.6266667,24.5,1199,117.83,3,3
2024-12-13T17:56:24,151,1176,31.34,552.7592308,24.5,1205,113.3975,3,3
2024-12-13T17:56:25,151,1176,31.34,624.543,24.5,1205,110.09,3,3
2024-12-13T17:56:26,150,1173,31.34,497.0125,24.5,1196,114.27,0,3
2024-12-13T17:56:27,150,1173,31.35,657.8511111,24.52,1196,115.14,3,3
2024-12-13T17:56:28,149,1171,31.35,593.6516667,24.52,1190,116.45,3,3
2024-12-13T17:56:29,149,1171,31.37,590.49375,24.5,1190,114.64,3,3
2024-12-13T17:56:30,154,1186,31.37,653.6866667,24.5,1236,114.64,3,3
2024-12-13T17:56:31,154,1186,31.35,628.6292857,24.52,1236,115.735,3,3
2024-12-13T17:56:32,153,1184,31.35,663.4911111,24.52,1230,112.46,2,3
2024-12-13T17:56:33,153,1184,31.35,335.562,24.52,1230,112.46,0,3
2024-12-13T17:56:34,148,1171,31.37,677.7758824,24.55,1190,106.16,2,3
2024-12-13T17:56:35,148,1171,31.35,546.4725,24.52,1190,103.1,2,3
2024-12-13T17:56:36,150,1174,31.35,679.904,24.52,1199,102.04,2,3
2024-12-13T17:56:37,150,1174,31.34,475.1672727,24.5,1199,92.8,0,3
2024-12-13T17:56:38,150,1174,31.34,741.695,24.5,1199,91.62,2,3
2024-12-13T17:56:39,147,1165,31.34,649.7436364,24.5,1172,88.99,2,3
2024-12-13T17:56:40,147,1165,31.34,567.81,24.5,1172,90.62,2,3
2024-12-13T17:56:41,146,1161,31.34,580.49,24.5,1159,90.62,2,3
2024-12-13T17:56:42,146,1161,31.34,634.2107143,24.5,1159,93.335,3,3
2024-12-13T17:56:43,149,1168,31.34,517.51,24.5,1181,104.22,3,3
2024-12-13T17:56:44,149,1168,31.32,694.5166667,24.5,1181,104.22,3,3
2024-12-13T17:56:45,150,1172,31.32,633.2058333,24.5,1193,117.765,3,3
2024-12-13T17:56:46,150,1172,31.32,488.215,24.5,1193,117.765,3,3
2024-12-13T17:56:47,151,1175,31.34,675.0953333,24.5,1202,131.465,3,3
2024-12-13T17:56:48,151,1175,31.34,643.7044444,24.5,1202,131.465,3,3
2024-12-13T17:56:49,147,1163,31.34,570.0372727,24.5,1166,141.73,3,3
2024-12-13T17:56:50,147,1163,31.34,499.83375,24.5,1166,151.22,3,3
2024-12-13T17:56:51,147,1163,31.34,652.21,24.5,1166,149.34,3,3
2024-12-13T17:56:52,147,1163,31.34,584.0290909,24.5,1166,147.47,0,3
2024-12-13T17:56:53,147,1163,31.34,665.802,24.47,1166,149.66,3,3
2024-12-13T17:56:54,148,1167,31.34,643.37875,24.47,1178,153.78,3,3
2024-12-13T17:56:55,148,1167,31.35,648.57,24.53,1178,159.83,3,3
2024-12-13T17:56:56,147,1163,31.35,699.0833333,24.53,1166,159.33,0,3
2024-12-13T17:56:57,147,1163,31.34,591.6742857,24.5,1166,152.03,3,3
2024-12-13T17:56:58,144,1154,31.34,479.1428571,24.5,1138,143.98,3,3
2024-12-13T17:56:59,144,1154,31.37,437.6554545,24.5,1138,140.29,3,3
2024-12-13T17:57:00,144,1153,31.37,390.2375,24.5,1135,129.69,3,3
2024-12-13T17:57:01,144,1153,31.37,478.761,24.5,1135,118.58,3,3
2024-12-13T17:57:02,146,1156,31.37,380.0088889,24.5,1144,118.58,3,3
2024-12-13T17:57:04,144,1150,31.34,725.8352174,24.5,1126,108.8,3,3
2024-12-13T17:57:05,144,1150,31.34,488.3516667,24.5,1126,103.54,3,3
2024-12-13T17:57:06,144,1150,31.37,730.9825,24.53,1126,91.93,3,3
2024-12-13T17:57:07,144,1147,31.37,689.5981818,24.53,1116,87.81,3,3
2024-12-13T17:57:08,149,1147,31.4,557.172,24.5,1163,85.44,3,3
2024-12-13T17:57:09,149,1162,31.4,751.46625,24.5,1163,80.2,3,3
2024-12-13T17:57:10,149,1162,31.37,387.218,24.52,1163,77.82,3,3
2024-12-13T17:57:11,148,1162,31.37,491.5745455,24.52,1163,80.94,3,3
2024-12-13T17:57:12,148,1162,31.37,754.69,24.52,1163,80.94,3,3
2024-12-13T17:57:13,148,1163,31.38,709.309375,24.47,1166,75.08,3,3
2024-12-13T17:57:14,148,1163,31.37,679.52,24.5,1166,93.43,0,3
2024-12-13T17:57:15,149,1167,31.37,560.5863636,24.5,1178,99.79,3,3
2024-12-13T17:57:16,149,1167,31.37,647.75,24.5,1178,99.79,3,3
2024-12-13T17:57:17,153,1178,31.35,691.1407143,24.52,1212,115.77,3,3
2024-12-13T17:57:18,153,1178,31.34,454.2127273,24.5,1212,134.74,3,2
2024-12-13T17:57:19,150,1172,31.34,442.9555556,24.5,1193,134.74,3,2
2024-12-13T17:57:20,150,1172,31.37,535.254,24.5,1193,138.8,3,2
2024-12-13T17:57:21,150,1172,31.37,630.8988889,24.5,1193,150.34,3,2
2024-12-13T17:57:22,144,1156,31.37,646.2341667,24.5,1144,168.07,3,2
2024-12-13T17:57:23,144,1156,31.38,602.542,24.5,1144,173.87,3,2
2024-12-13T17:57:24,146,1159,31.38,642.755,24.5,1153,189.66,3,2
2024-12-13T17:57:25,146,1159,31.39,529.1475,24.52,1153,203.08,3,2
2024-12-13T17:57:26,144,1150,31.39,505.5433333,24.52,1126,211.38,3,2
2024-12-13T17:57:27,144,1150,31.36,711.7218182,24.47,1126,218.93,3,2
2024-12-13T17:57:28,144,1148,31.36,601.5372727,24.47,1120,220.24,3,2
2024-12-13T17:57:29,144,1148,31.37,503.2963636,24.5,1120,222.3,3,2
2024-12-13T17:57:30,149,1164,31.37,771.53,24.5,1169,230.97,2,2
2024-12-13T17:57:31,149,1164,31.34,592.548,24.48,1169,240.02,2,2
2024-12-13T17:57:32,145,1155,31.34,672.2875,24.48,1141,240.02,2,2
2024-12-13T17:57:33,145,1155,31.37,714.6123077,24.52,1141,243.52,2,2
2024-12-13T17:57:34,148,1163,31.37,526.468,24.52,1166,242.58,2,2
2024-12-13T17:57:35,148,1163,31.37,608.3071429,24.52,1166,242.58,2,2
2024-12-13T17:57:36,148,1162,31.35,557.9925,24.52,1163,239.52,2,2
2024-12-13T17:57:37,148,1162,31.35,493.8472727,24.52,1163,234.47,2,2
2024-12-13T17:57:38,148,1162,31.38,617.8266667,24.5,1163,231.41,2,2
2024-12-13T17:57:39,148,1162,31.38,719.23125,24.5,1163,233.53,2,2
2024-12-13T17:57:40,148,1162,31.35,541.8066667,24.52,1163,231.6,2,2
2024-12-13T17:57:41,146,1158,31.35,566.44,24.52,1150,231.35,2,2
2024-12-13T17:57:42,146,1158,31.3,589.22,24.5,1150,237.71,2,2
2024-12-13T17:57:43,143,1148,31.3,609.48,24.5,1120,237.34,2,2
2024-12-13T17:57:44,143,1148,31.34,642.3611111,24.5,1120,243.52,2,2
2024-12-13T17:57:45,144,1149,31.34,486.416,24.5,1123,243.46,2,2
2024-12-13T17:57:46,144,1149,31.38,517.3627273,24.5,1123,246.89,2,2
2024-12-13T17:57:47,144,1150,31.38,607.699,24.5,1126,242.15,2,2
2024-12-13T17:57:48,144,1150,31.34,711.898,24.5,1126,228.73,2,2
2024-12-13T17:57:49,148,1158,31.34,627.122,24.5,1150,217.62,2,2
2024-12-13T17:57:50,148,1158,31.34,606.275,24.5,1150,213.06,2,3
2024-12-13T17:57:51,148,1158,31.34,629.0408333,24.48,1150,213.06,0,3
2024-12-13T17:57:52,145,1153,31.34,536.783,24.48,1135,217.68,2,3
2024-12-13T17:57:53,145,1153,31.37,715.3845455,24.53,1135,216.06,2,3
2024-12-13T17:57:54,143,1148,31.37,461.255,24.53,1120,206.57,3,3
2024-12-13T17:57:55,143,1148,31.35,582.135,24.52,1120,196.03,3,3
2024-12-13T17:57:56,146,1155,31.35,548.8645455,24.52,1141,188.72,3,3
2024-12-13T17:57:57,146,1155,31.37,691.87,24.52,1141,182.61,3,3
2024-12-13T17:57:58,146,1155,31.37,481.9033333,24.52,1141,182.61,3,3
2024-12-13T17:57:59,148,1162,31.32,712.9191667,24.5,1163,173.25,3,3
2024-12-13T17:58:00,144,1151,31.32,663.9676923,24.5,1129,158.77,3,3
2024-12-13T17:58:01,144,1151,31.34,492.865,24.5,1129,141.67,3,3
2024-12-13T17:58:02,145,1153,31.34,712.2911111,24.5,1135,132.87,0,3
2024-12-13T17:58:03,145,1153,31.3,655.7518182,24.47,1135,134.87,3,3
2024-12-13T17:58:04,144,1150,31.3,460.79,24.47,1126,124.88,3,3
2024-12-13T17:58:05,144,1150,31.3,571.47,24.47,1126,122.26,3,3
2024-12-13T17:58:06,144,1150,31.29,658.2088889,24.52,1126,122.26,3,3
2024-12-13T17:58:07,144,1150,31.29,658.2088889,24.52,1126,130.31,3,4
2024-12-13T17:58:08,146,1155,31.29,650.29,24.52,1141,142.17,3,4
2024-12-13T17:58:09,148,1163,31.29,589.6423077,24.52,1166,154.71,0,4
2024-12-13T17:58:10,148,1163,31.28,526.7633333,24.47,1166,173.25,4,4
2024-12-13T17:58:11,143,1148,31.28,713.5576923,24.47,1120,180.8,4,4
2024-12-13T17:58:12,143,1148,31.28,613.905,24.5,1120,179.3,4,4
2024-12-13T17:58:13,149,1163,31.28,366.16375,24.5,1166,169.75,0,4
2024-12-13T17:58:14,149,1163,31.27,667.6230769,24.53,1166,157.71,4,4
2024-12-13T17:58:15,147,1159,31.27,679.3411111,24.53,1153,143.29,4,3
2024-12-13T17:58:16,147,1159,31.27,559.2683333,24.53,1153,161.39,4,3
2024-12-13T17:58:17,149,1167,31.28,678.3341667,24.47,1178,177.37,4,3
2024-12-13T17:58:18,149,1167,31.24,646.5688889,24.5,1178,185.48,4,3
2024-12-13T17:58:19,147,1161,31.24,621.964,24.5,1159,185.48,4,3
2024-12-13T17:58:20,147,1161,31.24,584.9666667,24.5,1159,182.545,4,3
2024-12-13T17:58:21,149,1168,31.24,607.4946154,24.47,1181,182.545,4,3
2024-12-13T17:58:22,149,1168,31.24,683.77375,24.47,1181,178.11,4,3
2024-12-13T17:58:23,149,1168,31.24,535.576,24.5,1181,184.61,4,3
2024-12-13T17:58:24,150,1173,31.24,690.8427273,24.5,1196,185.1,4,3
2024-12-13T17:58:25,150,1173,31.26,540.731,24.45,1196,181.3,4,3
2024-12-13T17:58:26,151,1176,31.26,446.3328571,24.45,1205,185.6,4,3
2024-12-13T17:58:27,151,1176,31.27,606.572,24.52,1205,191.1,4,3
2024-12-13T17:58:28,143,1155,31.27,530.55875,24.52,1141,192.09,3,3
2024-12-13T17:58:29,143,1155,31.26,538.9353846,24.5,1141,193.84,3,3
2024-12-13T17:58:30,143,1153,31.26,606.1228571,24.5,1135,194.84,3,3
2024-12-13T17:58:31,143,1153,31.22,788.294,24.48,1135,193.34,3,3
2024-12-13T17:58:32,143,1151,31.22,594.5781818,24.48,1129,187.23,3,3
2024-12-13T17:58:33,143,1151,31.22,721.04375,24.48,1129,178.49,3,3
2024-12-13T17:58:34,144,1151,31.26,666.2272727,24.5,1129,167.88,3,3
2024-12-13T17:58:35,144,1151,31.26,595.0833333,24.5,1129,160.45,3,3
2024-12-13T17:58:36,143,1148,31.28,639.72,24.47,1120,160.45,3,3
2024-12-13T17:58:37,143,1148,31.28,468.8766667,24.47,1120,152.15,3,3
2024-12-13T17:58:38,143,1148,31.26,509.7066667,24.5,1120,142.79,3,3
2024-12-13T17:58:39,144,1150,31.26,526.2277778,24.5,1126,142.79,3,3
2024-12-13T17:58:40,144,1150,31.28,762.2108333,24.48,1126,132.62,3,3
2024-12-13T17:58:41,141,1142,31.28,531.467,24.48,1101,130.62,4,3
2024-12-13T17:58:42,141,1142,31.26,691.752,24.47,1101,124.51,4,3
2024-12-13T17:58:43,143,1147,31.26,561.282,24.47,1116,118.76,4,3
2024-12-13T17:58:44,143,1147,31.26,694.7685714,24.47,1116,114.46,4,3
2024-12-13T17:58:45,141,1139,31.26,558.006875,24.47,1092,114.96,4,3
2024-12-13T17:58:46,141,1139,31.26,458.13,24.47,1092,114.27,4,3
2024-12-13T17:58:47,145,1150,31.24,557.1436364,24.48,1126,113.83,4,4
2024-12-13T17:58:48,145,1150,31.24,586.5927273,24.48,1126,108.72,4,4
2024-12-13T17:58:49,145,1150,31.28,578.6071429,24.47,1126,110.28,4,4
2024-12-13T17:58:50,142,1143,31.28,670.9441667,24.47,1104,110.28,5,4
2024-12-13T17:58:51,142,1143,31.32,614.5054545,24.48,1104,108.59,5,4
2024-12-13T17:58:52,142,1141,31.32,629.1966667,24.48,1098,107.53,0,4
2024-12-13T17:58:53,142,1141,31.28,507.6044444,24.48,1098,111.46,5,4
2024-12-13T17:58:54,142,1139,31.28,665.722,24.48,1092,118.51,5,4
2024-12-13T17:58:55,142,1139,31.26,597.86,24.5,1092,131.18,5,4
2024-12-13T17:58:56,141,1135,31.26,500.521,24.5,1080,138.73,0,4
2024-12-13T17:58:57,141,1135,31.3,640.0384615,24.47,1080,146.04,5,4
2024-12-13T17:58:58,137,1124,31.3,619.4383333,24.47,1046,157.15,5,4
2024-12-13T17:58:59,137,1124,31.22,625.67,24.48,1046,159.77,5,4
2024-12-13T17:59:00,137,1124,31.22,769.9566667,24.48,1046,174.49,0,4
2024-12-13T17:59:01,140,1130,31.22,584.9216667,24.48,1064,178.99,5,4
2024-12-13T17:59:02,140,1130,31.22,567.9109091,24.48,1064,189.72,5,4
2024-12-13T17:59:03,140,1130,31.22,531.4290909,24.5,1064,193.84,5,4
2024-12-13T17:59:04,139,1128,31.22,788.1322222,24.5,1058,194.65,5,4
2024-12-13T17:59:05,139,1128,31.22,482.632,24.5,1058,189.85,5,4
2024-12-13T17:59:06,144,1143,31.24,623.251,24.47,1104,186.6,5,4
2024-12-13T17:59:07,144,1143,31.24,763.874,24.47,1104,179.86,5,4
2024-12-13T17:59:08,144,1143,31.24,535.495,24.48,1104,179.86,5,4
2024-12-13T17:59:09,146,1151,31.24,650.6963636,24.48,1129,177.3,5,4
2024-12-13T17:59:10,146,1151,31.2,705.45,24.48,1129,170.5,5,4
2024-12-13T17:59:11,146,1151,31.2,718.2933333,24.48,1129,162.7,5,4
2024-12-13T17:59:12,138,1131,31.22,606.4736842,24.47,1067,157.64,5,4
2024-12-13T17:59:13,138,1129,31.22,592.145,24.47,1061,143.48,5,4
2024-12-13T17:59:14,138,1129,31.2,379.9188889,24.47,1061,129.25,0,4
2024-12-13T17:59:15,136,1123,31.2,728.2054545,24.47,1043,119.58,5,4
2024-12-13T17:59:16,136,1123,31.2,573.128,24.47,1043,110.71,5,4
2024-12-13T17:59:17,136,1123,31.2,727.02,24.47,1043,102.6,5,4
2024-12-13T17:59:18,140,1133,31.26,568.79,24.48,1074,94.92,5,4
2024-12-13T17:59:19,140,1132,31.26,660.564,24.48,1070,89.06,5,4
2024-12-13T17:59:20,140,1132,31.26,597.547,24.48,1070,84.25,5,4
2024-12-13T17:59:21,140,1132,31.26,506.18,24.47,1070,84.25,0,4
2024-12-13T17:59:22,140,1134,31.26,577.4016667,24.47,1077,80.57,5,4
2024-12-13T17:59:23,140,1134,31.26,396.162,24.47,1077,76.385,5,4
2024-12-13T17:59:24,138,1127,31.26,666.7166667,24.47,1055,76.385,0,4
2024-12-13T17:59:25,138,1127,31.22,552.38,24.47,1055,74.14,5,4
2024-12-13T17:59:26,135,1118,31.22,603.5022222,24.47,1028,85,5,4
2024-12-13T17:59:27,135,1118,31.26,615.98,24.45,1028,87,5,4
2024-12-13T17:59:28,140,1130,31.26,736.4891667,24.45,1064,85.19,5,4
2024-12-13T17:59:29,140,1130,31.28,646.462,24.47,1064,81.94,5,4
2024-12-13T17:59:30,143,1130,31.28,590.0042857,24.47,1064,82.32,5,4
2024-12-13T17:59:31,143,1140,31.3,547.3141667,24.47,1095,83.07,5,4
2024-12-13T17:59:32,146,1149,31.3,489.3045455,24.47,1123,87.19,5,4
2024-12-13T17:59:33,146,1149,31.24,662.3266667,24.45,1123,95.42,5,4
2024-12-13T17:59:34,142,1149,31.24,588.68125,24.45,1123,97.23,5,4
2024-12-13T17:59:35,142,1140,31.24,535.9709091,24.45,1095,97.23,5,5
2024-12-13T17:59:36,142,1140,31.28,682.2955556,24.48,1095,100.04,5,5
2024-12-13T17:59:37,143,1143,31.28,523.1833333,24.48,1104,99.98,5,5
2024-12-13T17:59:38,143,1143,31.24,771.451,24.45,1104,99.98,5,5
2024-12-13T17:59:39,134,1121,31.24,496.88,24.45,1037,98.36,5,5
2024-12-13T17:59:40,134,1121,31.3,591.7328571,24.45,1037,94.015,5,5
2024-12-13T17:59:41,136,1122,31.3,699.0481818,24.45,1040,94.015,0,5
2024-12-13T17:59:42,136,1122,31.28,714.798,24.48,1040,95.98,5,5
2024-12-13T17:59:43,136,1121,31.28,599.9625,24.48,1037,100.1,5,5
2024-12-13T17:59:44,136,1121,31.32,693.847,24.45,1037,106.47,5,5
2024-12-13T17:59:45,138,1124,31.32,464.5333333,24.45,1046,106.09,5,5
2024-12-13T17:59:46,138,1124,31.28,734.139,24.45,1046,116.58,5,5
2024-12-13T17:59:47,141,1132,31.28,437.179,24.45,1070,117.02,5,5
2024-12-13T17:59:48,141,1132,31.28,615.98125,24.45,1070,123.26,5,5
2024-12-13T17:59:49,141,1132,31.3,636.3616667,24.45,1070,127.25,5,5
2024-12-13T17:59:50,142,1136,31.3,599.3986667,24.45,1083,134.68,5,5
2024-12-13T17:59:51,142,1136,31.28,728.901,24.45,1083,135.61,5,5
2024-12-13T17:59:52,142,1138,31.28,495.40125,24.45,1089,139.36,5,5
2024-12-13T17:59:53,142,1138,31.28,695.458,24.45,1089,139.67,4,5
2024-12-13T17:59:54,141,1137,31.28,451.5128571,24.45,1086,139.67,4,5
2024-12-13T17:59:55,141,1137,31.32,792.242,24.47,1086,139.92,4,5
2024-12-13T17:59:56,139,1133,31.32,537.8677778,24.47,1074,135.74,0,5
2024-12-13T17:59:57,139,1133,31.28,611.1292857,24.47,1074,134.12,4,5
2024-12-13T17:59:58,134,1118,31.28,339.1528571,24.47,1028,123.63,4,5
2024-12-13T17:59:59,134,1118,31.32,503.3690909,24.45,1028,116.02,4,5
2024-12-13T18:00:00,132,1107,31.32,811.422,24.45,994,108.78,5,5
2024-12-13T18:00:01,132,1107,31.34,584.57,24.44,994,98.54,5,5
2024-12-13T18:00:02,138,1121,31.34,801.108,24.44,1037,97.98,5,5
2024-12-13T18:00:03,138,1121,31.32,546.4644444,24.45,1037,99.29,5,5
2024-12-13T18:00:04,139,1124,31.32,817.64625,24.45,1046,101.41,5,5
2024-12-13T18:00:05,139,1124,31.32,491.9775,24.45,1046,96.23,5,5
2024-12-13T18:00:06,139,1124,31.3,525.8233333,24.45,1046,94.74,5,5
2024-12-13T18:00:07,138,1121,31.3,468.6522222,24.45,1037,91.37,5,5
2024-12-13T18:00:08,138,1121,31.32,648.1811111,24.45,1037,93.18,5,5
2024-12-13T18:00:09,136,1117,31.32,576.9954545,24.45,1024,93.18,5,5
2024-12-13T18:00:10,136,1117,31.3,693.7555556,24.45,1024,97.79,5,5
2024-12-13T18:00:11,136,1117,31.3,557.494,24.45,1024,107.09,5,5
2024-12-13T18:00:12,135,1113,31.38,647.5366667,24.42,1012,117.02,5,5
2024-12-13T18:00:13,134,1111,31.38,497.4855556,24.42,1006,120.32,5,5
2024-12-13T18:00:14,134,1111,31.32,696.5991667,24.47,1006,120.51,0,5
2024-12-13T18:00:15,136,1115,31.32,424.1142857,24.47,1018,125.63,5,5
2024-12-13T18:00:16,136,1115,31.32,596.4255556,24.47,1018,126.94,5,5
2024-12-13T18:00:17,138,1120,31.32,634.8709091,24.45,1034,126.44,5,5
2024-12-13T18:00:18,138,1120,31.32,771.451,24.45,1034,126.75,0,5
2024-12-13T18:00:19,138,1120,31.36,531.627,24.47,1034,124.07,4,5
2024-12-13T18:00:20,135,1113,31.36,651.377,24.47,1012,122.63,4,5
2024-12-13T18:00:21,135,1113,31.34,574.175,24.47,1012,122.63,0,5
2024-12-13T18:00:22,136,1114,31.34,587.5969231,24.47,1015,124.57,5,5
2024-12-13T18:00:23,136,1114,31.34,494.98,24.44,1015,124.57,5,5
2024-12-13T18:00:24,132,1104,31.34,584.1036364,24.44,985,129.56,5,5
2024-12-13T18:00:25,132,1104,31.34,358.50875,24.44,985,138.73,5,5
2024-12-13T18:00:26,138,1119,31.34,742.4890909,24.44,1031,144.41,5,5
2024-12-13T18:00:27,138,1119,31.34,497.215,24.47,1031,144.41,5,5
2024-12-13T18:00:28,143,1132,31.34,851.3925,24.47,1070,152.78,5,5
2024-12-13T18:00:29,143,1132,31.36,528.967,24.45,1070,155.9,5,5
2024-12-13T18:00:30,140,1127,31.36,567.809,24.45,1055,163.14,0,5
2024-12-13T18:00:31,140,1127,31.32,721.4930769,24.45,1055,175.81,5,5
2024-12-13T18:00:32,140,1127,31.32,493.026,24.45,1055,178.8,0,5
2024-12-13T18:00:33,140,1127,31.32,506.2038462,24.45,1055,175.56,5,5
2024-12-13T18:00:34,137,1127,31.38,448.7755556,24.45,1037,171.87,5,5
2024-12-13T18:00:35,137,1121,31.38,491.655,24.45,1037,165.07,5,5
2024-12-13T18:00:36,137,1121,31.34,801.1155556,24.45,1037,157.77,6,5
2024-12-13T18:00:37,137,1119,31.34,580.7309091,24.45,1031,157.39,6,5
2024-12-13T18:00:38,137,1119,31.32,707.84875,24.47,1031,157.39,6,5
2024-12-13T18:00:39,136,1118,31.32,638.563,24.47,1028,155.34,0,5
2024-12-13T18:00:40,136,1118,31.34,506.4175,24.45,1028,161.83,6,5
2024-12-13T18:00:41,133,1107,31.34,760.087,24.45,994,169.31,5,5
2024-12-13T18:00:42,133,1107,31.4,422.6725,24.47,994,170.56,0,5
2024-12-13T18:00:43,133,1107,31.4,409.7825,24.47,994,170.56,5,5
2024-12-13T18:00:44,138,1120,31.36,707.9723529,24.45,1034,170.81,5,5
2024-12-13T18:00:45,137,1118,31.36,560.7327273,24.45,1028,172.87,4,4
2024-12-13T18:00:46,137,1118,31.36,749.4522222,24.45,1028,178.43,4,4
2024-12-13T18:00:47,138,1120,31.36,514.7655556,24.45,1034,181.73,4,4
2024-12-13T18:00:48,138,1120,31.36,751.465,24.45,1034,182.17,4,4
2024-12-13T18:00:49,138,1120,31.34,765.3877778,24.47,1034,186.91,4,4
2024-12-13T18:00:50,141,1130,31.34,528.0246154,24.47,1064,188.79,4,3
2024-12-13T18:00:51,141,1130,31.36,693.545,24.45,1064,194.03,4,3
2024-12-13T18:00:52,138,1123,31.36,485.207,24.45,1043,194.72,4,2
2024-12-13T18:00:53,138,1123,31.36,769.09375,24.45,1043,194.72,0,2
2024-12-13T18:00:54,143,1138,31.36,631.0609091,24.45,1089,192.47,4,2
2024-12-13T18:00:55,143,1138,31.36,593.5833333,24.45,1089,195.15,4,2
2024-12-13T18:00:56,138,1126,31.36,786.9688889,24.45,1052,197.27,4,2
2024-12-13T18:00:57,138,1126,31.4,417.4383333,24.44,1052,197.27,4,2
2024-12-13T18:00:58,139,1129,31.4,554.6991667,24.44,1061,192.28,2,2
2024-12-13T18:00:59,139,1129,31.38,732.6177778,24.45,1061,186.04,2,2
2024-12-13T18:01:00,140,1131,31.38,560.3014286,24.45,1067,188.1,2,2
2024-12-13T18:01:01,140,1131,31.36,712.56,24.45,1067,185.29,2,2
2024-12-13T18:01:02,140,1131,31.36,460.7214286,24.45,1067,186.85,2,2
2024-12-13T18:01:03,137,1125,31.36,560.8054545,24.45,1049,192.47,2,2
2024-12-13T18:01:04,137,1125,31.42,683.854,24.45,1049,193.53,2,2
2024-12-13T18:01:05,132,1107,31.42,680.1464286,24.45,994,201.83,2,2
2024-12-13T18:01:06,132,1107,31.4,440.30375,24.45,994,207.01,2,2
2024-12-13T18:01:07,138,1122,31.4,558.2608333,24.45,1040,212.44,2,2
2024-12-13T18:01:08,138,1122,31.36,555.963,24.47,1040,216.81,2,2
2024-12-13T18:01:09,137,1119,31.36,449.105,24.47,1031,223.05,2,2
2024-12-13T18:01:10,137,1119,31.36,404.3633333,24.45,1031,232.16,2,2
2024-12-13T18:01:11,140,1127,31.36,778.96375,24.45,1055,232.16,2,2
2024-12-13T18:01:12,140,1127,31.38,586.3736364,24.45,1055,228.975,2,2
2024-12-13T18:01:13,141,1133,31.38,646.6588889,24.45,1074,228.975,2,2
2024-12-13T18:01:14,141,1133,31.38,588.9944444,24.45,1074,218.68,2,2
2024-12-13T18:01:15,138,1124,31.38,529.04875,24.45,1046,217.56,0,2
2024-12-13T18:01:16,138,1124,31.36,815.2372727,24.45,1046,221.11,2,2
2024-12-13T18:01:17,137,1121,31.36,472.074,24.45,1037,215.81,2,1
2024-12-13T18:01:18,137,1121,31.38,716.088,24.45,1037,215.56,2,1
2024-12-13T18:01:19,137,1121,31.38,597.0271429,24.45,1037,216.06,0,1
2024-12-13T18:01:20,135,1116,31.38,663.4258333,24.45,1021,214.94,2,1
2024-12-13T18:01:21,135,1116,31.38,618.2418182,24.47,1021,210.44,2,1
2024-12-13T18:01:22,137,1118,31.38,583.4433333,24.47,1028,204.39,2,1
2024-12-13T18:01:23,137,1118,31.36,695.2788889,24.45,1028,195.96,2,1
2024-12-13T18:01:24,135,1113,31.36,435.66875,24.45,1012,190.35,2,1
2024-12-13T18:01:25,135,1113,31.38,797.238,24.45,1012,181.05,2,1
2024-12-13T18:01:26,135,1114,31.38,569.01,24.45,1015,181.05,1,1
2024-12-13T18:01:27,135,1114,31.38,579.335,24.44,1015,171.81,1,1
2024-12-13T18:01:28,136,1115,31.38,496.9475,24.44,1018,163.95,1,1
2024-12-13T18:01:29,136,1115,31.38,510.5577778,24.45,1018,163.95,1,1
2024-12-13T18:01:30,138,1120,31.38,567.62875,24.45,1034,152.34,1,1
2024-12-13T18:01:31,138,1120,31.42,593.436,24.47,1034,148.66,1,1
2024-12-13T18:01:32,138,1120,31.42,534.286,24.47,1034,149.84,1,2
2024-12-13T18:01:33,135,1114,31.42,850.0944444,24.47,1015,147.47,1,2
2024-12-13T18:01:34,135,1114,31.38,599.9641667,24.47,1015,146.16,2,2
2024-12-13T18:01:35,141,1129,31.38,704.484,24.47,1061,142.35,2,2
2024-12-13T18:01:36,141,1129,31.36,433.85625,24.44,1061,132.56,2,2
2024-12-13T18:01:37,139,1126,31.36,598.6930769,24.44,1052,124.26,2,2
2024-12-13T18:01:38,139,1126,31.42,531.627,24.44,1052,112.52,0,2
2024-12-13T18:01:39,138,1125,31.42,733.735,24.44,1049,100.35,2,2
2024-12-13T18:01:40,138,1125,31.38,699.004,24.47,1049,94.55,2,2
2024-12-13T18:01:41,139,1128,31.38,538.81,24.47,1058,91.8,2,2
2024-12-13T18:01:42,139,1128,31.32,729.8785714,24.45,1058,92.55,1,2
2024-12-13T18:01:43,143,1139,31.32,533.78375,24.45,1092,98.04,1,2
2024-12-13T18:01:44,143,1139,31.32,794.98125,24.45,1092,98.04,1,2
2024-12-13T18:01:45,143,1139,31.32,475.96125,24.45,1092,112.77,1,2
2024-12-13T18:01:46,141,1135,31.32,529.048,24.45,1080,122.82,1,2
2024-12-13T18:01:47,143,1142,31.24,630.4923077,24.44,1101,135.49,1,2
2024-12-13T18:01:48,143,1142,31.24,635.1977778,24.44,1101,144.6,0,2
2024-12-13T18:01:49,143,1142,31.26,792.7877778,24.47,1101,146.79,1,2
2024-12-13T18:01:50,143,1145,31.26,523.81,24.47,1110,156.9,1,2
2024-12-13T18:01:51,143,1145,31.2,748.3083333,24.47,1110,162.82,2,2
2024-12-13T18:01:52,142,1142,31.2,536.1644444,24.47,1101,170.94,2,3
2024-12-13T18:01:53,142,1142,31.26,494.7111111,24.44,1101,175.12,2,3
2024-12-13T18:01:54,139,1135,31.26,814.86,24.44,1080,175.12,2,3
2024-12-13T18:01:55,139,1135,31.22,509.5725,24.45,1080,183.295,2,3
2024-12-13T18:01:56,139,1133,31.22,666.5791667,24.45,1074,183.23,2,3
2024-12-13T18:01:57,139,1133,31.2,496.0642857,24.47,1074,183.23,2,3
2024-12-13T18:01:58,140,1135,31.2,786.9677778,24.47,1080,179.49,3,3
2024-12-13T18:01:59,140,1135,31.24,576.4591667,24.45,1080,173.81,3,3
2024-12-13T18:02:00,136,1125,31.24,775.24,24.45,1049,173.81,3,3
2024-12-13T18:02:01,136,1125,31.24,542.0425,24.45,1049,165.88,3,3
2024-12-13T18:02:02,136,1125,31.24,245.79,24.45,1049,165.88,3,3
2024-12-13T18:02:03,135,1118,31.22,497.1004762,24.445,1028,155.4,3,3
2024-12-13T18:02:04,135,1118,31.22,914.1914286,24.445,1028,144.73,3,3
2024-12-13T18:02:05,135,1118,31.22,592.147,24.445,1028,135.68,3,3
2024-12-13T18:02:06,135,1118,31.26,656.697,24.445,1028,131.56,3,3
2024-12-13T18:02:07,137,1122,31.26,725.57625,24.445,1040,124.88,3,3
2024-12-13T18:02:08,137,1122,31.24,530.417,24.445,1040,118.39,3,3
2024-12-13T18:02:09,137,1122,31.24,810.374,24.445,1040,118.39,3,3
2024-12-13T18:02:10,137,1121,31.28,585.8593333,24.44,1037,111.46,3,3
2024-12-13T18:02:11,137,1120,31.28,706.4375,24.44,1034,114.77,3,3
2024-12-13T18:02:12,137,1120,31.28,513.333,24.47,1034,114.77,2,3
2024-12-13T18:02:13,139,1125,31.28,624.9809091,24.47,1049,117.2,2,3
2024-12-13T18:02:14,139,1125,31.26,679.4766667,24.44,1049,122.76,2,3
2024-12-13T18:02:15,137,1122,31.26,655.326,24.44,1040,119.015,2,3
2024-12-13T18:02:16,137,1122,31.26,446.75,24.47,1040,119.015,2,3
2024-12-13T18:02:17,135,1122,31.28,792.243,24.47,1040,114.46,2,3
2024-12-13T18:02:18,135,1117,31.28,516.25375,24.47,1024,107.41,2,3
2024-12-13T18:02:19,135,1117,31.28,836.5985714,24.45,1024,100.23,2,3
2024-12-13T18:02:20,139,1125,31.28,545.5678571,24.45,1049,94.55,2,3
2024-12-13T18:02:21,139,1125,31.24,724.1675,24.45,1049,88.99,2,3
2024-12-13T18:02:22,142,1136,31.24,561.8318182,24.45,1083,83.94,2,3
2024-12-13T18:02:23,142,1136,31.28,573.9741667,24.47,1083,85.62,2,3
2024-12-13T18:02:24,140,1133,31.28,766.293,24.47,1074,77.57,2,3
2024-12-13T18:02:25,140,1133,31.3,481.341,24.44,1074,75.83,2,3
2024-12-13T18:02:26,138,1128,31.3,582.7716667,24.44,1058,74.27,2,3
2024-12-13T18:02:27,138,1128,31.3,748.07,24.44,1058,74.27,2,3
2024-12-13T18:02:28,140,1133,31.3,530.255,24.45,1074,66.78,2,3
2024-12-13T18:02:29,140,1133,31.3,761.1942857,24.45,1074,63.59,2,3
2024-12-13T18:02:30,140,1133,31.28,429.6385714,24.44,1074,63.59,0,3
2024-12-13T18:02:31,140,1133,31.24,482.94,24.45,1074,61.35,2,3
2024-12-13T18:02:32,140,1133,31.24,800.085,24.45,1074,58.98,2,3
2024-12-13T18:02:33,136,1124,31.24,544.2481818,24.45,1046,58.48,2,3
2024-12-13T18:02:34,136,1124,31.28,633.488,24.47,1046,68.21,0,3
2024-12-13T18:02:35,133,1111,31.28,677.408,24.47,1006,75.08,2,3
2024-12-13T18:02:36,133,1111,31.28,535.0022222,24.45,1006,94.8,2,3
2024-12-13T18:02:37,136,1118,31.28,655.6763636,24.45,1028,109.53,2,3
2024-12-13T18:02:38,136,1118,31.3,452.7463636,24.44,1028,124.76,0,3
2024-12-13T18:02:39,133,1108,31.3,563.9871429,24.44,997,130.56,3,3
2024-12-13T18:02:40,133,1108,31.32,667.0653846,24.45,997,145.16,3,3
2024-12-13T18:02:41,135,1112,31.32,654.8625,24.45,1009,159.58,3,3
2024-12-13T18:02:42,135,1112,31.3,568.03125,24.45,1009,174.81,3,3
2024-12-13T18:02:43,135,1113,31.3,723.865,24.45,1012,174.81,3,3
2024-12-13T18:02:44,135,1113,31.29,524.2490909,24.42,1012,199.925,3,3
2024-12-13T18:02:45,135,1112,31.29,709.642,24.42,1009,199.925,3,3
2024-12-13T18:02:46,135,1112,31.3,479.7081818,24.44,1009,219.05,3,3
2024-12-13T18:02:47,136,1114,31.3,509.868,24.44,1015,230.79,3,3
2024-12-13T18:02:48,136,1114,31.3,469.1,24.44,1015,237.09,3,3
2024-12-13T18:02:49,136,1114,31.34,441.2454545,24.47,1015,244.7,3,3
2024-12-13T18:02:50,137,1118,31.34,688.931,24.47,1028,242.08,3,3
2024-12-13T18:02:51,137,1118,31.34,842.795,24.47,1028,243.39,3,3
2024-12-13T18:02:52,137,1118,31.34,561.2816667,24.47,1028,240.52,3,3
2024-12-13T18:02:53,137,1118,31.34,625.3484615,24.47,1028,238.4,3,3
2024-12-13T18:02:54,136,1114,31.34,443.4427273,24.47,1015,245.52,3,3
2024-12-13T18:02:55,136,1114,31.34,846.35375,24.44,1015,247.39,3,3
2024-12-13T18:02:56,138,1122,31.34,517.6311111,24.44,1040,242.15,3,3
2024-12-13T18:02:57,138,1122,31.36,625.993,24.45,1040,240.15,3,3
2024-12-13T18:02:58,134,1113,31.36,583.283,24.45,1012,240.15,3,3
2024-12-13T18:02:59,134,1113,31.36,505.99,24.45,1012,247.33,3,3
2024-12-13T18:03:00,134,1111,31.3,755.1530769,24.47,1006,245.33,2,3
2024-12-13T18:03:01,134,1111,31.3,581.9211111,24.47,1006,245.33,2,3
2024-12-13T18:03:02,134,1111,31.32,569.0375,24.42,1006,242.58,2,3
2024-12-13T18:03:03,135,1114,31.32,757.8458333,24.42,1015,240.52,2,3
2024-12-13T18:03:04,135,1114,31.32,527.3911111,24.45,1015,245.95,3,3
2024-12-13T18:03:05,139,1126,31.32,648.0911111,24.45,1052,254.38,3,3
2024-12-13T18:03:06,139,1126,31.32,475.9944444,24.45,1052,266.98,3,3
2024-12-13T18:03:07,135,1114,31.32,662.4175,24.45,1015,275.1,0,3
2024-12-13T18:03:08,135,1114,31.36,567.808,24.42,1015,279.9,3,3
2024-12-13T18:03:09,133,1109,31.36,673.699,24.42,1000,287.21,3,3
2024-12-13T18:03:10,133,1109,31.34,722.35375,24.47,1000,286.58,3,3
2024-12-13T18:03:11,139,1124,31.34,562.653,24.47,1046,284.77,3,3
2024-12-13T18:03:12,139,1124,31.38,788.375,24.45,1046,284.58,3,3
2024-12-13T18:03:13,139,1126,31.38,572.5272727,24.45,1052,285.64,3,3
2024-12-13T18:03:14,139,1126,31.38,498.52625,24.45,1052,285.64,3,3
2024-12-13T18:03:15,135,1116,31.32,528.8930769,24.42,1021,283.77,3,3
2024-12-13T18:03:16,135,1116,31.32,652.908,24.42,1021,283.52,3,3
2024-12-13T18:03:17,138,1123,31.32,702.6381818,24.44,1043,270.17,3,3
2024-12-13T18:03:18,138,1123,31.32,436.9775,24.44,1043,270.17,3,3
2024-12-13T18:03:19,138,1123,31.38,670.5655556,24.45,1043,254.19,3,3
2024-12-13T18:03:20,133,1111,31.38,481.7716667,24.45,1006,245.2,3,3
2024-12-13T18:03:21,133,1111,31.34,671.7653333,24.45,1006,235.28,3,3
2024-12-13T18:03:22,136,1116,31.34,479.3728571,24.45,1021,223.49,3,3
2024-12-13T18:03:23,136,1116,31.34,519.5609091,24.44,1021,209.38,3,3
2024-12-13T18:03:24,136,1117,31.34,593.72,24.44,1024,209.38,3,3
2024-12-13T18:03:25,136,1117,31.36,558.3546667,24.45,1024,185.23,3,3
2024-12-13T18:03:26,136,1118,31.36,799.86,24.45,1028,165.2,0,3
2024-12-13T18:03:27,136,1118,31.32,422.03,24.45,1028,155.21,3,3
2024-12-13T18:03:28,138,1122,31.32,707.063,24.45,1040,147.35,3,3
2024-12-13T18:03:29,138,1122,31.38,505.999,24.45,1040,142.35,3,3
2024-12-13T18:03:30,138,1122,31.38,841.82375,24.45,1040,142.92,3,3
2024-12-13T18:03:31,136,1117,31.34,512.2184615,24.45,1024,146.91,3,3
2024-12-13T18:03:32,129,1098,31.34,537.8666667,24.45,966,146.91,3,3
2024-12-13T18:03:33,129,1098,31.34,540.5836364,24.45,966,146.66,0,3
2024-12-13T18:03:34,129,1098,31.34,598.9857143,24.45,966,166.88,3,3
2024-12-13T18:03:35,133,1107,31.34,792.8209091,24.45,994,179.05,3,3
2024-12-13T18:03:36,133,1107,31.34,577.8922222,24.45,994,185.17,3,3
2024-12-13T18:03:37,138,1121,31.34,692.4133333,24.45,1037,196.71,3,3
2024-12-13T18:03:38,138,1121,31.34,509.3036364,24.45,1037,209.94,3,3
2024-12-13T18:03:39,142,1134,31.34,552.1055556,24.45,1077,215.37,3,3
2024-12-13T18:03:40,142,1134,31.34,709.35875,24.45,1077,218.81,3,3
2024-12-13T18:03:41,138,1124,31.34,492.3807692,24.45,1046,220.49,3,3
2024-12-13T18:03:42,138,1124,31.36,783.0657143,24.45,1046,220.37,3,3
2024-12-13T18:03:43,135,1118,31.36,489.0845455,24.45,1028,233.66,0,3
2024-12-13T18:03:44,135,1118,31.36,701.906,24.45,1028,243.96,3,3
2024-12-13T18:03:45,135,1118,31.36,640.155,24.45,1028,243.96,3,3
2024-12-13T18:03:46,136,1117,31.36,527.758,24.45,1024,245.33,3,3
2024-12-13T18:03:47,138,1124,31.36,668.4245455,24.42,1046,245.33,3,3
2024-12-13T18:03:48,138,1124,31.36,498.8277778,24.42,1046,235.91,3,3
2024-12-13T18:03:49,138,1124,31.38,440.5366667,24.44,1046,232.97,3,3
2024-12-13T18:03:50,134,1114,31.38,440,24.44,1015,231.6,3,3
2024-12-13T18:03:51,134,1114,31.36,533.3011111,24.47,1015,234.22,0,3
2024-12-13T18:03:52,140,1130,31.36,526.8476923,24.47,1064,236.9,3,3
2024-12-13T18:03:53,140,1130,31.34,666.6266667,24.45,1064,246.76,3,3
2024-12-13T18:03:54,135,1117,31.34,518.4618182,24.45,1024,253.88,3,3
2024-12-13T18:03:55,135,1117,31.36,783.296,24.45,1024,249.82,3,3
2024-12-13T18:03:56,135,1117,31.36,679.34,24.45,1024,249.82,3,3
2024-12-13T18:03:57,138,1123,31.38,592.227,24.47,1043,243.89,0,3
2024-12-13T18:03:58,140,1130,31.38,652.827,24.47,1064,240.21,3,3
2024-12-13T18:03:59,140,1130,31.34,408.7725,24.47,1064,244.77,3,3
2024-12-13T18:04:00,139,1128,31.34,557.7444444,24.47,1058,242.65,3,3
2024-12-13T18:04:01,139,1128,31.34,561.201,24.47,1058,243.02,0,3
2024-12-13T18:04:02,139,1128,31.34,768.874,24.45,1058,243.02,3,3
2024-12-13T18:04:03,141,1134,31.34,755.3854545,24.45,1077,247.01,3,3
2024-12-13T18:04:04,141,1134,31.36,526.468,24.45,1077,249.385,3,3
2024-12-13T18:04:05,145,1147,31.36,529.2722222,24.45,1116,249.385,3,3
2024-12-13T18:04:06,145,1147,31.36,638.645,24.45,1116,235.47,3,3
2024-12-13T18:04:07,138,1131,31.36,524.3218182,24.45,1067,229.6,3,3
2024-12-13T18:04:08,138,1131,31.36,620.9742857,24.44,1067,220.3,3,3
2024-12-13T18:04:09,132,1115,31.36,525.6208333,24.44,1018,213.19,3,3
2024-12-13T18:04:10,132,1115,31.34,508.58,24.45,1018,200.52,3,3
2024-12-13T18:04:11,138,1128,31.34,492.2642857,24.45,1058,193.03,3,3
2024-12-13T18:04:12,138,1128,31.36,707.221,24.47,1058,189.22,3,3
2024-12-13T18:04:13,141,1136,31.36,527.57,24.47,1083,183.54,3,3
2024-12-13T18:04:14,141,1136,31.36,722.5883333,24.45,1083,181.05,3,3
2024-12-13T18:04:15,142,1140,31.36,562.05,24.45,1095,180.49,3,3
2024-12-13T18:04:16,142,1140,31.36,518.7055556,24.45,1095,180.49,3,3
2024-12-13T18:04:17,142,1140,31.36,539.0322222,24.44,1095,183.545,3,3
2024-12-13T18:04:18,138,1131,31.36,860.66,24.44,1067,188.72,3,3
2024-12-13T18:04:19,138,1131,31.38,676.57,24.44,1067,188.72,3,3
2024-12-13T18:04:20,136,1123,31.38,483.919,24.44,1043,192.315,3,3
2024-12-13T18:04:21,136,1123,31.36,735.2381818,24.45,1043,192.315,3,3
2024-12-13T18:04:22,131,1108,31.36,680.1471429,24.45,997,198.02,3,3
2024-12-13T18:04:23,131,1108,31.36,436.213,24.45,997,213.75,3,3
2024-12-13T18:04:24,132,1109,31.36,810.6283333,24.45,1000,224.48,3,3
2024-12-13T18:04:25,132,1109,31.34,527.0342857,24.47,1000,239.65,3,3
2024-12-13T18:04:26,133,1111,31.34,526.549,24.47,1006,251.44,3,3
2024-12-13T18:04:27,133,1111,31.34,677.487,24.45,1006,254.44,3,3
2024-12-13T18:04:28,133,1111,31.34,392.05125,24.45,1006,252.82,3,3
2024-12-13T18:04:29,132,1106,31.38,668.8641667,24.45,991,253.19,3,3
2024-12-13T18:04:30,130,1097,31.38,557.8322222,24.45,963,261.56,4,3
2024-12-13T18:04:31,130,1097,31.38,842.9311111,24.45,963,265.86,4,3
2024-12-13T18:04:32,130,1097,31.38,557.85875,24.47,963,275.22,3,2
2024-12-13T18:04:33,130,1096,31.38,621.5875,24.47,960,275.22,4,2
2024-12-13T18:04:34,130,1096,31.36,704.242,24.44,960,276.97,4,2
2024-12-13T18:04:35,130,1093,31.36,465.7145455,24.44,951,272.48,0,2
2024-12-13T18:04:36,130,1093,31.34,525.8233333,24.47,951,272.48,4,2
2024-12-13T18:04:37,135,1108,31.34,408.975,24.47,997,275.41,4,2
2024-12-13T18:04:38,135,1108,31.34,526.8308333,24.45,997,280.4,4,2
2024-12-13T18:04:39,137,1114,31.34,574.095,24.45,1015,283.34,3,2
2024-12-13T18:04:40,137,1114,31.34,802.395,24.45,1015,276.03,3,2
2024-12-13T18:04:41,138,1120,31.34,561.7744444,24.45,1034,271.48,0,2
2024-12-13T18:04:42,138,1120,31.34,512.83,24.44,1034,268.3,3,2
2024-12-13T18:04:43,138,1121,31.34,840.8790909,24.44,1037,266.92,3,2
2024-12-13T18:04:44,138,1121,31.3,500.8790909,24.45,1037,266.36,0,2
2024-12-13T18:04:45,134,1111,31.3,627.8555556,24.45,1006,263.99,3,2
2024-12-13T18:04:46,134,1111,31.3,662.92125,24.45,1006,263.99,3,2
2024-12-13T18:04:47,136,1111,31.32,502.1191667,24.47,1006,265.3,0,2
2024-12-13T18:04:48,136,1117,31.32,830.33875,24.47,1024,265.3,2,2
2024-12-13T18:04:49,136,1117,31.3,517.363,24.45,1024,266.61,2,2
2024-12-13T18:04:50,136,1118,31.3,496.8125,24.45,1028,267.67,2,2
2024-12-13T18:04:51,136,1118,31.32,588.1084211,24.44,1028,271.85,2,2
2024-12-13T18:04:52,136,1119,31.32,562.99625,24.44,1031,273.35,2,2
2024-12-13T18:04:53,136,1119,31.36,717.378,24.45,1031,271.6,2,2
2024-12-13T18:04:54,132,1106,31.36,322.84625,24.45,991,274.91,0,2
2024-12-13T18:04:55,132,1106,31.3,783.4128571,24.47,991,277.09,2,2
2024-12-13T18:04:56,132,1106,31.3,683.775,24.47,991,278.66,2,2
2024-12-13T18:04:57,138,1121,31.38,611.9175,24.45,1037,274.79,2,2
2024-12-13T18:04:58,143,1138,31.38,632.1308333,24.45,1089,273.48,2,2
2024-12-13T18:04:59,143,1138,31.34,531.5988889,24.45,1089,268.73,2,2
2024-12-13T18:05:00,143,1138,31.34,593.4711111,24.45,1089,261.56,2,2
2024-12-13T18:05:01,139,1130,31.34,504.4688889,24.45,1064,261.56,0,2
2024-12-13T18:05:02,139,1130,31.38,660.8066667,24.45,1064,253.25,2,2
2024-12-13T18:05:03,137,1125,31.38,587.4738462,24.45,1049,249.605,2,2
2024-12-13T18:05:04,137,1125,31.34,599.802,24.45,1049,257.75,2,2
2024-12-13T18:05:05,134,1116,31.34,801.107,24.45,1021,257.37,2,2
2024-12-13T18:05:06,134,1116,31.36,531.467,24.47,1021,257.37,2,2
2024-12-13T18:05:07,133,1111,31.36,748.323,24.47,1006,272.16,2,2
2024-12-13T18:05:08,133,1111,31.36,696.4675,24.47,1006,278.16,2,2
2024-12-13T18:05:09,133,1109,31.34,532.3375,24.47,1000,280.71,2,2
2024-12-13T18:05:10,133,1109,31.34,785.7881818,24.47,1000,279.15,2,2
2024-12-13T18:05:11,133,1109,31.34,507.425,24.47,1000,283.65,2,2
2024-12-13T18:05:12,132,1106,31.32,477.6284615,24.44,991,295.01,2,2
2024-12-13T18:05:13,132,1106,31.32,494.9333333,24.44,991,292.76,2,2
2024-12-13T18:05:14,136,1114,31.32,738.8007143,24.45,1015,296,2,2
2024-12-13T18:05:15,136,1114,31.32,586.2071429,24.45,1015,294.01,2,2
2024-12-13T18:05:16,138,1121,31.32,547.84,24.45,1037,295.94,2,2
2024-12-13T18:05:17,138,1121,31.34,694.089,24.44,1037,301.12,2,2
2024-12-13T18:05:18,139,1126,31.34,606.2744444,24.44,1052,304.87,0,2
2024-12-13T18:05:19,139,1126,31.3,532.3818182,24.45,1052,306.61,2,2
2024-12-13T18:05:20,139,1127,31.3,567.6927273,24.45,1055,306.61,2,2
2024-12-13T18:05:21,139,1127,31.3,587.15,24.45,1055,307.11,2,2
2024-12-13T18:05:22,134,1115,31.3,535.574,24.45,1018,303.87,2,2
2024-12-13T18:05:23,134,1115,31.32,635.32125,24.47,1018,299.31,2,2
2024-12-13T18:05:24,129,1101,31.32,606.411,24.47,975,299.31,2,2
2024-12-13T18:05:25,129,1101,31.34,434.5377778,24.45,975,294.13,0,2
2024-12-13T18:05:26,129,1101,31.34,843.03125,24.45,975,292.2,2,2
2024-12-13T18:05:27,132,1105,31.32,581.6028571,24.45,988,288.95,2,2
2024-12-13T18:05:28,131,1101,31.32,580.5777778,24.45,975,276.66,2,2
2024-12-13T18:05:29,131,1101,31.34,597.385,24.47,975,264.36,2,2
2024-12-13T18:05:30,133,1107,31.34,340.0736364,24.47,994,247.51,2,2
2024-12-13T18:05:31,133,1107,31.34,612.75625,24.47,994,234.72,2,2
2024-12-13T18:05:32,133,1107,31.34,763.713,24.44,994,229.1,0,2
2024-12-13T18:05:33,131,1100,31.34,553.325,24.44,972,229.1,2,2
2024-12-13T18:05:34,131,1100,31.34,717.0141667,24.47,972,219.805,2,2
2024-12-13T18:05:35,131,1099,31.34,617.934,24.47,969,205.01,2,2
2024-12-13T18:05:36,131,1099,31.3,688.2781818,24.45,969,205.01,2,2
2024-12-13T18:05:37,135,1110,31.3,618.096,24.45,1003,192.095,2,2
2024-12-13T18:05:38,135,1110,31.32,330.2885714,24.45,1003,192.095,2,2
2024-12-13T18:05:39,137,1116,31.32,744.3069231,24.45,1021,180.61,2,2
2024-12-13T18:05:40,137,1116,31.32,564.8166667,24.45,1021,175.74,2,2
2024-12-13T18:05:41,137,1116,31.32,591.3683333,24.45,1021,166.88,2,2
2024-12-13T18:05:42,136,1116,31.34,811.4281818,24.45,1021,162.82,2,2
2024-12-13T18:05:43,135,1115,31.34,487.707,24.45,1018,161.83,2,2
2024-12-13T18:05:44,135,1115,31.3,786.96,24.47,1018,167.51,2,2
2024-12-13T18:05:45,135,1115,31.3,553.3577778,24.47,1018,172.87,2,2
2024-12-13T18:05:46,137,1120,31.3,541.9063636,24.47,1034,177.86,2,2
2024-12-13T18:05:47,137,1120,31.34,289.3042857,24.47,1034,188.1,2,2
2024-12-13T18:05:48,137,1120,31.34,427.348,24.47,1034,188.1,0,2
2024-12-13T18:05:49,137,1120,31.3,667.011,24.45,1034,201.89,2,2
2024-12-13T18:05:50,137,1120,31.3,550.335,24.45,1034,227.885,2,2
2024-12-13T18:05:51,137,1120,31.34,622.725,24.47,1034,227.885,2,2
2024-12-13T18:05:52,140,1130,31.34,769.4242857,24.47,1064,240.96,2,2
2024-12-13T18:05:53,140,1130,31.3,535.49375,24.47,1064,243.77,2,2
2024-12-13T18:05:54,135,1117,31.3,686.9966667,24.47,1024,240.9,2,2
2024-12-13T18:05:55,135,1117,31.32,586.99,24.47,1024,254.32,2,2
2024-12-13T18:05:56,134,1115,31.32,667.555,24.47,1018,265.05,2,2
2024-12-13T18:05:57,134,1115,31.32,430.24,24.47,1018,273.97,2,2
2024-12-13T18:05:58,134,1115,31.3,636.5411111,24.47,1018,282.9,2,2
2024-12-13T18:05:59,136,1120,31.3,656.453,24.47,1034,292.51,0,2
2024-12-13T18:06:00,131,1106,31.28,567.9461538,24.45,991,297.44,3,2
2024-12-13T18:06:01,131,1106,31.28,797.9171429,24.45,991,294.44,3,2
2024-12-13T18:06:02,131,1106,31.3,539.9253846,24.45,991,297.07,3,2
2024-12-13T18:06:03,135,1114,31.3,791.7575,24.45,1015,294.94,3,2
2024-12-13T18:06:04,135,1114,31.26,650.2157143,24.45,1015,298.31,3,2
2024-12-13T18:06:05,136,1118,31.26,587.2733333,24.45,1028,304.55,3,2
2024-12-13T18:06:06,136,1118,31.28,717.62,24.45,1028,304.55,3,2
2024-12-13T18:06:07,137,1121,31.28,489.4061538,24.45,1037,303.965,3,2
2024-12-13T18:06:08,137,1121,31.28,806.8466667,24.45,1037,310.3,3,2
2024-12-13T18:06:09,140,1131,31.28,523.0922222,24.45,1067,310.3,3,2
2024-12-13T18:06:10,140,1131,31.3,503.26,24.45,1067,314.48,2,2
2024-12-13T18:06:11,135,1131,31.3,708.0833333,24.45,1034,317.22,2,2
2024-12-13T18:06:12,135,1120,31.28,567.6984615,24.45,1034,320.16,2,2
2024-12-13T18:06:13,135,1118,31.28,368.198,24.45,1028,317.35,2,2
2024-12-13T18:06:14,135,1118,31.22,683.7288889,24.45,1028,313.79,2,2
2024-12-13T18:06:15,135,1118,31.22,495.20125,24.45,1028,304.06,2,2
2024-12-13T18:06:16,138,1126,31.22,846.155,24.45,1052,297.56,0,2
2024-12-13T18:06:17,138,1126,31.23,544.3209091,24.42,1052,291.7,2,2
2024-12-13T18:06:18,137,1123,31.23,523.1833333,24.42,1043,284.58,2,2
2024-12-13T18:06:19,137,1123,31.26,813.9936364,24.44,1043,279.34,2,2
2024-12-13T18:06:20,134,1117,31.26,547.9844444,24.44,1024,269.48,2,2
2024-12-13T18:06:21,134,1117,31.26,488.85375,24.45,1024,269.48,2,2
2024-12-13T18:06:22,128,1096,31.26,592.228,24.45,960,265.11,2,2
2024-12-13T18:06:23,128,1096,31.24,624.3553846,24.45,960,262.71,2,2
2024-12-13T18:06:24,132,1105,31.24,740.345,24.45,988,262.71,2,2
2024-12-13T18:06:25,132,1105,31.26,524.21125,24.47,988,258.75,0,2
2024-12-13T18:06:26,132,1105,31.26,611.245,24.47,988,255.44,2,2
2024-12-13T18:06:27,132,1105,31.26,893.5857143,24.47,988,255.31,2,2
2024-12-13T18:06:28,132,1105,31.2,602.9309091,24.47,988,255.81,0,2
2024-12-13T18:06:29,135,1112,31.2,542.0083333,24.47,1009,253.57,2,2
2024-12-13T18:06:30,135,1112,31.26,479.6345455,24.44,1009,252.38,2,2
2024-12-13T18:06:31,133,1108,31.26,752.4725,24.44,997,256.62,0,2
2024-12-13T18:06:32,133,1108,31.22,493.69125,24.45,997,255.94,2,2
2024-12-13T18:06:33,134,1111,31.22,542.023,24.45,1006,257.75,2,2
2024-12-13T18:06:34,134,1111,31.24,637.355,24.45,1006,262.8,2,2
2024-12-13T18:06:35,136,1115,31.24,556.286,24.45,1018,262.8,2,2
2024-12-13T18:06:36,136,1115,31.22,578.7433333,24.45,1018,264.93,2,2
